001 молоко;001 молоко;белый
01-01/07 белый;01-01/07 белый;белый
01-01/07 белый;01-01/07 белый;серый
01-01/07 белый;01-01/07 белый;многоцветный
01-06 св. серый;01-06 св. серый;серый
01-06/08/01/07 св.серый;01-06/08/01/07 св.серый;серый
01-06/08/01/07 св.серый;01-06/08/01/07 св.серый;черный
01-06/08/01/07 св.серый;01-06/08/01/07 св.серый;белый
01-06/08/01/07 св.серый;01-06/08/01/07 св.серый;многоцветный
01-06/22 св.серый;01-06/22 св.серый;серый
01-06/22 св.серый;01-06/22 св.серый;многоцветный
01-06/22/01 св.серый;01-06/22/01 св.серый;серый
01-06/22/01 св.серый;01-06/22/01 св.серый;белый
01-06/22/01 св.серый;01-06/22/01 св.серый;многоцветный
01-06/27/22 св.серый;01-06/27/22 св.серый;серый
01-06/27/22 св.серый;01-06/27/22 св.серый;розовый
01-06/27/22 св.серый;01-06/27/22 св.серый;белый
01-06/27/22 св.серый;01-06/27/22 св.серый;многоцветный
01-07/01/08 серый;01-07/01/08 серый;серый
01-07/01/08 серый;01-07/01/08 серый;белый
01-07/01/08 серый;01-07/01/08 серый;черный
01-07/01/08 серый;01-07/01/08 серый;многоцветный
01-07/08/06/01 серый;01-07/08/06/01 серый;серый
01-07/08/06/01 серый;01-07/08/06/01 серый;черный
01-07/08/06/01 серый;01-07/08/06/01 серый;белый
01-07/08/06/01 серый;01-07/08/06/01 серый;многоцветный
01-08/01/07/06 черный-белый-серый-св.серый;01-08/01/07/06 черный-белый-серый-св.серый;черный
01-08/01/07/06 черный-белый-серый-св.серый;01-08/01/07/06 черный-белый-серый-св.серый;белый
01-08/01/07/06 черный-белый-серый-св.серый;01-08/01/07/06 черный-белый-серый-св.серый;серый
01-08/01/07/06 черный-белый-серый-св.серый;01-08/01/07/06 черный-белый-серый-св.серый;многоцветный
01-08/06/28 черный-св.серый-клевер;01-08/06/28 черный-св.серый-клевер;черный
01-08/06/28 черный-св.серый-клевер;01-08/06/28 черный-св.серый-клевер;серый
01-08/06/28 черный-св.серый-клевер;01-08/06/28 черный-св.серый-клевер;розовый
01-08/06/28 черный-св.серый-клевер;01-08/06/28 черный-св.серый-клевер;многоцветный
01-08/17 черный;01-08/17 черный;черный
01-08/17 черный;01-08/17 черный;бежевый
01-08/17 черный;01-08/17 черный;многоцветный
01-08/19/33 черный;01-08/19/33 черный;черный
01-08/19/33 черный;01-08/19/33 черный;коричневый
01-08/19/33 черный;01-08/19/33 черный;бежевый
01-08/19/33 черный;01-08/19/33 черный;многоцветный
01-08/22/06/01 черный;01-08/22/06/01 черный;черный
01-08/22/06/01 черный;01-08/22/06/01 черный;розовый
01-08/22/06/01 черный;01-08/22/06/01 черный;серый
01-08/22/06/01 черный;01-08/22/06/01 черный;белый
01-08/22/06/01 черный;01-08/22/06/01 черный;многоцветный
01-08/28/07 черный;01-08/28/07 черный;черный
01-08/28/07 черный;01-08/28/07 черный;розовый
01-08/28/07 черный;01-08/28/07 черный;серый
01-08/28/07 черный;01-08/28/07 черный;многоцветный
01-08/28/33 черный-клевер-св.коричневый;01-08/28/33 черный-клевер-св.коричневый;черный
01-08/28/33 черный-клевер-св.коричневый;01-08/28/33 черный-клевер-св.коричневый;розовый
01-08/28/33 черный-клевер-св.коричневый;01-08/28/33 черный-клевер-св.коричневый;коричневый
01-08/28/33 черный-клевер-св.коричневый;01-08/28/33 черный-клевер-св.коричневый;многоцветный
01-17/21/02 т. беж;01-17/21/02 т. беж;бежевый
01-17/21/02 т. беж;01-17/21/02 т. беж;коричневый
01-17/21/02 т. беж;01-17/21/02 т. беж;белый
01-17/21/02 т. беж;01-17/21/02 т. беж;многоцветный
01-17/21/02/34 т. беж-шоколад-молочный-т.коричневый;01-17/21/02/34 т. беж-шоколад-молочный-т.коричневый;бежевый
01-17/21/02/34 т. беж-шоколад-молочный-т.коричневый;01-17/21/02/34 т. беж-шоколад-молочный-т.коричневый;коричневый
01-17/21/02/34 т. беж-шоколад-молочный-т.коричневый;01-17/21/02/34 т. беж-шоколад-молочный-т.коричневый;белый
01-17/21/02/34 т. беж-шоколад-молочный-т.коричневый;01-17/21/02/34 т. беж-шоколад-молочный-т.коричневый;многоцветный
01-19/06/22 св.коричневый;01-19/06/22 св.коричневый;коричневый
01-19/06/22 св.коричневый;01-19/06/22 св.коричневый;серый
01-19/06/22 св.коричневый;01-19/06/22 св.коричневый;многоцветный
01-21/02/34/19 шоколад-молочный-т.коричневый-св.коричневый;01-21/02/34/19 шоколад-молочный-т.коричневый-св.коричневый;коричневый
01-21/02/34/19 шоколад-молочный-т.коричневый-св.коричневый;01-21/02/34/19 шоколад-молочный-т.коричневый-св.коричневый;белый
01-21/02/34/19 шоколад-молочный-т.коричневый-св.коричневый;01-21/02/34/19 шоколад-молочный-т.коричневый-св.коричневый;бежевый
01-21/02/34/19 шоколад-молочный-т.коричневый-св.коричневый;01-21/02/34/19 шоколад-молочный-т.коричневый-св.коричневый;многоцветный
01-21/07/17/02 шоколад;01-21/07/17/02 шоколад;коричневый
01-21/07/17/02 шоколад;01-21/07/17/02 шоколад;серый
01-21/07/17/02 шоколад;01-21/07/17/02 шоколад;бежевый
01-21/07/17/02 шоколад;01-21/07/17/02 шоколад;белый
01-21/07/17/02 шоколад;01-21/07/17/02 шоколад;многоцветный
01-21/17/07 т.шоколад;01-21/17/07 т.шоколад;коричневый
01-21/17/07 т.шоколад;01-21/17/07 т.шоколад;бежевый
01-21/17/07 т.шоколад;01-21/17/07 т.шоколад;серый
01-21/17/07 т.шоколад;01-21/17/07 т.шоколад;многоцветный
01-21/34/17/02 шоколад;01-21/34/17/02 шоколад;коричневый
01-21/34/17/02 шоколад;01-21/34/17/02 шоколад;бежевый
01-21/34/17/02 шоколад;01-21/34/17/02 шоколад;белый
01-21/34/17/02 шоколад;01-21/34/17/02 шоколад;многоцветный
01-22 т.серый;01-22 т.серый;серый
01-22/06 т.серый;01-22/06 т.серый;серый
01-22/06 т.серый;01-22/06 т.серый;многоцветный
01-22/06/01 т.серый;01-22/06/01 т.серый;серый
01-22/06/01 т.серый;01-22/06/01 т.серый;белый
01-22/06/01 т.серый;01-22/06/01 т.серый;многоцветный
01-22/06/19 т.серый;01-22/06/19 т.серый;серый
01-22/06/19 т.серый;01-22/06/19 т.серый;коричневый
01-22/06/19 т.серый;01-22/06/19 т.серый;многоцветный
01-22/08/07/01 т.серый;01-22/08/07/01 т.серый;серый
01-22/08/07/01 т.серый;01-22/08/07/01 т.серый;черный
01-22/08/07/01 т.серый;01-22/08/07/01 т.серый;белый
01-22/08/07/01 т.серый;01-22/08/07/01 т.серый;многоцветный
01-22/08/07/06 т.серый;01-22/08/07/06 т.серый;серый
01-22/08/07/06 т.серый;01-22/08/07/06 т.серый;черный
01-22/08/07/06 т.серый;01-22/08/07/06 т.серый;многоцветный
01-22/27/06 т.серый;01-22/27/06 т.серый;серый
01-22/27/06 т.серый;01-22/27/06 т.серый;розовый
01-22/27/06 т.серый;01-22/27/06 т.серый;многоцветный
01-22/28/06 т. серый;01-22/28/06 т. серый;серый
01-22/28/06 т. серый;01-22/28/06 т. серый;розовый
01-22/28/06 т. серый;01-22/28/06 т. серый;многоцветный
01-22/28/06/27 т. серый-клевер-св.серый;01-22/28/06/27 т. серый-клевер-св.серый;серый
01-22/28/06/27 т. серый-клевер-св.серый;01-22/28/06/27 т. серый-клевер-св.серый;розовый
01-22/28/06/27 т. серый-клевер-св.серый;01-22/28/06/27 т. серый-клевер-св.серый;многоцветный
01-28/40/01 клевер;01-28/40/01 клевер;розовый
01-28/40/01 клевер;01-28/40/01 клевер;фиолетовый
01-28/40/01 клевер;01-28/40/01 клевер;белый
01-28/40/01 клевер;01-28/40/01 клевер;многоцветный
01-33/34/21 св.коричневый;01-33/34/21 св.коричневый;бежевый
01-33/34/21 св.коричневый;01-33/34/21 св.коричневый;коричневый
01-33/34/21 св.коричневый;01-33/34/21 св.коричневый;многоцветный
01-34/08/17/02 т.коричневый;01-34/08/17/02 т.коричневый;коричневый
01-34/08/17/02 т.коричневый;01-34/08/17/02 т.коричневый;черный
01-34/08/17/02 т.коричневый;01-34/08/17/02 т.коричневый;бежевый
01-34/08/17/02 т.коричневый;01-34/08/17/02 т.коричневый;белый
01-34/08/17/02 т.коричневый;01-34/08/17/02 т.коричневый;многоцветный
01-34/17/02 т.коричневый;01-34/17/02 т.коричневый;коричневый
01-34/17/02 т.коричневый;01-34/17/02 т.коричневый;бежевый
01-34/17/02 т.коричневый;01-34/17/02 т.коричневый;белый
01-34/17/02 т.коричневый;01-34/17/02 т.коричневый;многоцветный
01-34/21/17/02 т.коричневый;01-34/21/17/02 т.коричневый;коричневый
01-34/21/17/02 т.коричневый;01-34/21/17/02 т.коричневый;бежевый
01-34/21/17/02 т.коричневый;01-34/21/17/02 т.коричневый;белый
01-34/21/17/02 т.коричневый;01-34/21/17/02 т.коричневый;многоцветный
01-34/21/19/02т.коричневый;01-34/21/19/02т.коричневый;коричневый
01-34/21/19/02т.коричневый;01-34/21/19/02т.коричневый;белый
01-34/21/19/02т.коричневый;01-34/21/19/02т.коричневый;многоцветный
01-34/21/33/02 т.коричневый;01-34/21/33/02 т.коричневый;коричневый
01-34/21/33/02 т.коричневый;01-34/21/33/02 т.коричневый;бежевый
01-34/21/33/02 т.коричневый;01-34/21/33/02 т.коричневый;белый
01-34/21/33/02 т.коричневый;01-34/21/33/02 т.коричневый;многоцветный
01-34/33/08 темн.коричневый-черный;01-34/33/08 темн.коричневый-черный;коричневый
01-34/33/08 темн.коричневый-черный;01-34/33/08 темн.коричневый-черный;черный
01-34/33/08 темн.коричневый-черный;01-34/33/08 темн.коричневый-черный;многоцветный
01-34/33/21 темн.коричневый-шоколад;01-34/33/21 темн.коричневый-шоколад;коричневый
01-34/33/21 темн.коричневый-шоколад;01-34/33/21 темн.коричневый-шоколад;бежевый
01-34/33/21 темн.коричневый-шоколад;01-34/33/21 темн.коричневый-шоколад;многоцветный
01-37/06/19 джинс-св.серый-св.коричневый;01-37/06/19 джинс-св.серый-св.коричневый;синий
01-37/06/19 джинс-св.серый-св.коричневый;01-37/06/19 джинс-св.серый-св.коричневый;серый
01-37/06/19 джинс-св.серый-св.коричневый;01-37/06/19 джинс-св.серый-св.коричневый;коричневый
01-37/06/19 джинс-св.серый-св.коричневый;01-37/06/19 джинс-св.серый-св.коричневый;многоцветный
01-37/06/22 джинс-св.серый-т.серый;01-37/06/22 джинс-св.серый-т.серый;синий
01-37/06/22 джинс-св.серый-т.серый;01-37/06/22 джинс-св.серый-т.серый;серый
01-37/06/22 джинс-св.серый-т.серый;01-37/06/22 джинс-св.серый-т.серый;многоцветный
01-37/07/19 джинс-серый-св.коричневый;01-37/07/19 джинс-серый-св.коричневый;синий
01-37/07/19 джинс-серый-св.коричневый;01-37/07/19 джинс-серый-св.коричневый;серый
01-37/07/19 джинс-серый-св.коричневый;01-37/07/19 джинс-серый-св.коричневый;коричневый
01-37/07/19 джинс-серый-св.коричневый;01-37/07/19 джинс-серый-св.коричневый;многоцветный
01-37/08/06/01 джинс;01-37/08/06/01 джинс;синий
01-37/08/06/01 джинс;01-37/08/06/01 джинс;серый
01-37/08/06/01 джинс;01-37/08/06/01 джинс;коричневый
01-37/08/06/01 джинс;01-37/08/06/01 джинс;многоцветный
01-39/28 фиолет.;01-39/28 фиолет.;фиолетовый
01-39/28 фиолет.;01-39/28 фиолет.;розовый
01-39/28 фиолет.;01-39/28 фиолет.;многоцветный
01-39/28/08 фиолет;01-39/28/08 фиолет;фиолетовый
01-39/28/08 фиолет;01-39/28/08 фиолет;розовый
01-39/28/08 фиолет;01-39/28/08 фиолет;черный
01-39/28/08 фиолет;01-39/28/08 фиолет;многоцветный
01-40/08/28/01баклажан;01-40/08/28/01баклажан;фиолетовый
01-40/08/28/01баклажан;01-40/08/28/01баклажан;черный
01-40/08/28/01баклажан;01-40/08/28/01баклажан;розовый
01-40/08/28/01баклажан;01-40/08/28/01баклажан;белый
01-40/08/28/01баклажан;01-40/08/28/01баклажан;многоцветный
01-40/08/28/02 баклажан;01-40/08/28/02 баклажан;фиолетовый
01-40/08/28/02 баклажан;01-40/08/28/02 баклажан;черный
01-40/08/28/02 баклажан;01-40/08/28/02 баклажан;розовый
01-40/08/28/02 баклажан;01-40/08/28/02 баклажан;белый
01-40/08/28/02 баклажан;01-40/08/28/02 баклажан;многоцветный
01-40/28/01 баклажан;01-40/28/01 баклажан;фиолетовый
01-40/28/01 баклажан;01-40/28/01 баклажан;розовый
01-40/28/01 баклажан;01-40/28/01 баклажан;белый
01-40/28/01 баклажан;01-40/28/01 баклажан;многоцветный
01-40/28/06 баклажан;01-40/28/06 баклажан;фиолетовый
01-40/28/06 баклажан;01-40/28/06 баклажан;розовый
01-40/28/06 баклажан;01-40/28/06 баклажан;серый
01-40/28/06 баклажан;01-40/28/06 баклажан;многоцветный
01-40/28/08 баклажан;01-40/28/08 баклажан;фиолетовый
01-40/28/08 баклажан;01-40/28/08 баклажан;розовый
01-40/28/08 баклажан;01-40/28/08 баклажан;черный
01-40/28/08 баклажан;01-40/28/08 баклажан;многоцветный
0104 мол.;0104 мол.;белый
015 KV серый;015 KV серый;серый
018 черн.;018 черн.;черный
02 беж.;02 беж.;бежевый
02-002 Серый;02-002 Серый;серый
02-002/0701/2908 серый;02-002/0701/2908 серый;серый
02-002/0701/2908 серый;02-002/0701/2908 серый;многоцветный
02-002/0701/2908/036 серый;02-002/0701/2908/036 серый;серый
02-002/0701/2908/036 серый;02-002/0701/2908/036 серый;многоцветный
02-003 молочный;02-003 молочный;белый
02-007 коричневый;02-007 коричневый;коричневый
02-007/019/042 коричневый;02-007/019/042 коричневый;коричневый
02-007/019/042 коричневый;02-007/019/042 коричневый;бежевый
02-007/019/042 коричневый;02-007/019/042 коричневый;многоцветный
02-007/154/8569 коричневый-т.беж.-молочный;02-007/154/8569 коричневый-т.беж.-молочный;коричневый
02-007/154/8569 коричневый-т.беж.-молочный;02-007/154/8569 коричневый-т.беж.-молочный;бежевый
02-007/154/8569 коричневый-т.беж.-молочный;02-007/154/8569 коричневый-т.беж.-молочный;белый
02-007/154/8569 коричневый-т.беж.-молочный;02-007/154/8569 коричневый-т.беж.-молочный;многоцветный
02-008 бежевый;02-008 бежевый;бежевый
02-011 сине-серый;02-011 сине-серый;синий
02-011/008/036 сине-серый;02-011/008/036 сине-серый;синий
02-011/008/036 сине-серый;02-011/008/036 сине-серый;бежевый
02-011/008/036 сине-серый;02-011/008/036 сине-серый;коричневый
02-011/008/036 сине-серый;02-011/008/036 сине-серый;многоцветный
02-012 фиолетово-серый;02-012 фиолетово-серый;фиолетовый
02-012/008/036 фиолетово-серый;02-012/008/036 фиолетово-серый;фиолетовый
02-012/008/036 фиолетово-серый;02-012/008/036 фиолетово-серый;бежевый
02-012/008/036 фиолетово-серый;02-012/008/036 фиолетово-серый;коричневый
02-012/008/036 фиолетово-серый;02-012/008/036 фиолетово-серый;многоцветный
02-019 светло-коричневый;02-019 светло-коричневый;бежевый
02-020 бледная сирень;02-020 бледная сирень;розовый
02-020 бледная сирень;02-020 бледная сирень;фиолетовый
02-020/008/036 бледная сирень;02-020/008/036 бледная сирень;розовый
02-020/008/036 бледная сирень;02-020/008/036 бледная сирень;бежевый
02-020/008/036 бледная сирень;02-020/008/036 бледная сирень;коричневый
02-020/008/036 бледная сирень;02-020/008/036 бледная сирень;многоцветный
02-020/011/036 бледная сирень;02-020/011/036 бледная сирень;розовый
02-020/011/036 бледная сирень;02-020/011/036 бледная сирень;синий
02-020/011/036 бледная сирень;02-020/011/036 бледная сирень;коричневый
02-020/011/036 бледная сирень;02-020/011/036 бледная сирень;многоцветный
02-03 антрацит;02-03 антрацит;черный
02-036 светло-серый;02-036 светло-серый;серый
02-038 темно-серый;02-038 темно-серый;серый
02-042 бледно бежевый;02-042 бледно бежевый;бежевый
02-043 антрацит;02-043 антрацит;черный
02-043/038/003 антрацит-молочный;02-043/038/003 антрацит-молочный;черный
02-043/038/003 антрацит-молочный;02-043/038/003 антрацит-молочный;серый
02-043/038/003 антрацит-молочный;02-043/038/003 антрацит-молочный;бежевый
02-043/038/003 антрацит-молочный;02-043/038/003 антрацит-молочный;многоцветный
02-043/038/036 антрацит-св.серый;02-043/038/036 антрацит-св.серый;черный
02-043/038/036 антрацит-св.серый;02-043/038/036 антрацит-св.серый;серый
02-043/038/036 антрацит-св.серый;02-043/038/036 антрацит-св.серый;коричневый
02-043/038/036 антрацит-св.серый;02-043/038/036 антрацит-св.серый;многоцветный
02-043/038/051 антрацит;02-043/038/051 антрацит;черный
02-043/038/051 антрацит;02-043/038/051 антрацит;серый
02-043/038/051 антрацит;02-043/038/051 антрацит;многоцветный
02-049 персик;02-049 персик;оранжевый
02-049 персик;02-049 персик;
02-051 Молочный шоколад;02-051 Молочный шоколад;бежевый
02-0701 сир.-роз.;02-0701 сир.-роз.;фуксия
02-0701 фуксия;02-0701 фуксия;фуксия
02-19/003 светло-коричневый;02-19/003 светло-коричневый;коричневый
02-19/003 светло-коричневый;02-19/003 светло-коричневый;белый
02-19/003 светло-коричневый;02-19/003 светло-коричневый;многоцветный
02-2701/2908 фуксия;02-2701/2908 фуксия;фуксия
02-2706/2908 мор. волна;02-2706/2908 мор. волна;бирюзовый
02-3101/2908 джинс.-сер.;02-3101/2908 джинс.-сер.;синий
02-3101/2908/002 джинс.-сер.;02-3101/2908/002 джинс.-сер.;синий
02-3101/2908/002 джинс.-сер.;02-3101/2908/002 джинс.-сер.;серый
02-3101/2908/002 джинс.-сер.;02-3101/2908/002 джинс.-сер.;многоцветный
02-3302 фиол.-сер.;02-3302 фиол.-сер.;фиолетовый
02-3302 фиол.-сер.;02-3302 фиол.-сер.;серый
02-3302/9500 фиол.-сер.;02-3302/9500 фиол.-сер.;фиолетовый
02-38 т.серый;02-38 т.серый;серый
02-75 серый;02-75 серый;серый
02-8570 св.серый;02-8570 св.серый;серый
02-8851 св.фиолетовый;02-8851 св.фиолетовый;фиолетовый
02-990 черный;02-990 черный;черный
03-01 молочный;03-01 молочный;белый
03-01/02 молочный;03-01/02 молочный;белый
03-01/02 молочный;03-01/02 молочный;черный
03-01/02 молочный;03-01/02 молочный;многоцветный
03-01/07/77/077 т.беж-какао с мол.-молочный;03-01/07/77/077 т.беж-какао с мол.-молочный;белый
03-01/07/77/077 т.беж-какао с мол.-молочный;03-01/07/77/077 т.беж-какао с мол.-молочный;бежевый
03-01/07/77/077 т.беж-какао с мол.-молочный;03-01/07/77/077 т.беж-какао с мол.-молочный;многоцветный
03-01/10/75/02 молочный-розовый;03-01/10/75/02 молочный-розовый;белый
03-01/10/75/02 молочный-розовый;03-01/10/75/02 молочный-розовый;розовый
03-01/10/75/02 молочный-розовый;03-01/10/75/02 молочный-розовый;серый
03-01/10/75/02 молочный-розовый;03-01/10/75/02 молочный-розовый;черный
03-01/10/75/02 молочный-розовый;03-01/10/75/02 молочный-розовый;многоцветный
03-01/335 молочный-олива;03-01/335 молочный-олива;белый
03-01/335 молочный-олива;03-01/335 молочный-олива;зеленый
03-01/335 молочный-олива;03-01/335 молочный-олива;многоцветный
03-01/60/50 молочный;03-01/60/50 молочный;белый
03-01/60/50 молочный;03-01/60/50 молочный;фуксия
03-01/60/50 молочный;03-01/60/50 молочный;фиолетовый
03-01/60/50 молочный;03-01/60/50 молочный;многоцветный
03-01/75/02/60 молочный;03-01/75/02/60 молочный;белый
03-01/75/02/60 молочный;03-01/75/02/60 молочный;серый
03-01/75/02/60 молочный;03-01/75/02/60 молочный;черный
03-01/75/02/60 молочный;03-01/75/02/60 молочный;фуксия
03-01/75/02/60 молочный;03-01/75/02/60 молочный;многоцветный
03-011 св.джинс;03-011 св.джинс;синий
03-02 т.серый;03-02 т.серый;черный
03-02/01 т.серый-молочный;03-02/01 т.серый-молочный;черный
03-02/01 т.серый-молочный;03-02/01 т.серый-молочный;белый
03-02/01 т.серый-молочный;03-02/01 т.серый-молочный;многоцветный
03-02/01/8573/75 т.серый-молочный-сирень-серый;03-02/01/8573/75 т.серый-молочный-сирень-серый;черный
03-02/01/8573/75 т.серый-молочный-сирень-серый;03-02/01/8573/75 т.серый-молочный-сирень-серый;белый
03-02/01/8573/75 т.серый-молочный-сирень-серый;03-02/01/8573/75 т.серый-молочный-сирень-серый;сирень
03-02/01/8573/75 т.серый-молочный-сирень-серый;03-02/01/8573/75 т.серый-молочный-сирень-серый;серый
03-02/01/8573/75 т.серый-молочный-сирень-серый;03-02/01/8573/75 т.серый-молочный-сирень-серый;многоцветный
03-02/04/67 т. серый;03-02/04/67 т. серый;черный
03-02/04/67 т. серый;03-02/04/67 т. серый;серый
03-02/04/67 т. серый;03-02/04/67 т. серый;белый
03-02/04/67 т. серый;03-02/04/67 т. серый;многоцветный
03-02/31 т.серый;03-02/31 т.серый;черный
03-02/31 т.серый;03-02/31 т.серый;серый
03-02/31 т.серый;03-02/31 т.серый;многоцветный
03-02/75/01 т.серый;03-02/75/01 т.серый;черный
03-02/75/01 т.серый;03-02/75/01 т.серый;серый
03-02/75/01 т.серый;03-02/75/01 т.серый;белый
03-02/75/01 т.серый;03-02/75/01 т.серый;многоцветный
03-02/75/01/10 т.серый;03-02/75/01/10 т.серый;черный
03-02/75/01/10 т.серый;03-02/75/01/10 т.серый;серый
03-02/75/01/10 т.серый;03-02/75/01/10 т.серый;белый
03-02/75/01/10 т.серый;03-02/75/01/10 т.серый;розовый
03-02/75/01/10 т.серый;03-02/75/01/10 т.серый;многоцветный
03-02/75/31 т. серый;03-02/75/31 т. серый;черный
03-02/75/31 т. серый;03-02/75/31 т. серый;серый
03-02/75/31 т. серый;03-02/75/31 т. серый;многоцветный
03-03 антрацит;03-03 антрацит;черный
03-04 серый;03-04 серый;серый
03-04/01/02 серый-молочный;03-04/01/02 серый-молочный;серый
03-04/01/02 серый-молочный;03-04/01/02 серый-молочный;белый
03-04/01/02 серый-молочный;03-04/01/02 серый-молочный;черный
03-04/01/02 серый-молочный;03-04/01/02 серый-молочный;многоцветный
03-04/02 серый;03-04/02 серый;серый
03-04/02 серый;03-04/02 серый;черный
03-04/02 серый;03-04/02 серый;многоцветный
03-04/31/02 серый-св.серый;03-04/31/02 серый-св.серый;серый
03-04/31/02 серый-св.серый;03-04/31/02 серый-св.серый;черный
03-04/31/02 серый-св.серый;03-04/31/02 серый-св.серый;многоцветный
03-06 св. коричневый;03-06 св. коричневый;бежевый
03-07 какао с молоком;03-07 какао с молоком;бежевый
03-07/01 какао с молоком-молочный;03-07/01 какао с молоком-молочный;бежевый
03-07/01 какао с молоком-молочный;03-07/01 какао с молоком-молочный;белый
03-07/01 какао с молоком-молочный;03-07/01 какао с молоком-молочный;многоцветный
03-07/01/10/36 св.беж-молочный-розовый-коричневый;03-07/01/10/36 св.беж-молочный-розовый-коричневый;бежевый
03-07/01/10/36 св.беж-молочный-розовый-коричневый;03-07/01/10/36 св.беж-молочный-розовый-коричневый;белый
03-07/01/10/36 св.беж-молочный-розовый-коричневый;03-07/01/10/36 св.беж-молочный-розовый-коричневый;розовый
03-07/01/10/36 св.беж-молочный-розовый-коричневый;03-07/01/10/36 св.беж-молочный-розовый-коричневый;коричневый
03-07/01/10/36 св.беж-молочный-розовый-коричневый;03-07/01/10/36 св.беж-молочный-розовый-коричневый;многоцветный
03-07/12/01/44 св.беж-св.фиолет.-молочный-антрацит меланж;03-07/12/01/44 св.беж-св.фиолет.-молочный-антрацит меланж;бежевый
03-07/12/01/44 св.беж-св.фиолет.-молочный-антрацит меланж;03-07/12/01/44 св.беж-св.фиолет.-молочный-антрацит меланж;фиолетовый
03-07/12/01/44 св.беж-св.фиолет.-молочный-антрацит меланж;03-07/12/01/44 св.беж-св.фиолет.-молочный-антрацит меланж;белый
03-07/12/01/44 св.беж-св.фиолет.-молочный-антрацит меланж;03-07/12/01/44 св.беж-св.фиолет.-молочный-антрацит меланж;черный
03-07/12/01/44 св.беж-св.фиолет.-молочный-антрацит меланж;03-07/12/01/44 св.беж-св.фиолет.-молочный-антрацит меланж;многоцветный
03-07/36 св. бежевый;03-07/36 св. бежевый;бежевый
03-07/36 св. бежевый;03-07/36 св. бежевый;коричневый
03-07/36 св. бежевый;03-07/36 св. бежевый;многоцветный
03-07/60/54 св.беж;03-07/60/54 св.беж;бежевый
03-07/60/54 св.беж;03-07/60/54 св.беж;фиолетовый
03-07/60/54 св.беж;03-07/60/54 св.беж;фуксия
03-07/60/54 св.беж;03-07/60/54 св.беж;многоцветный
03-07/77/50/01 св.беж-т.беж-фиолет.-молочный;03-07/77/50/01 св.беж-т.беж-фиолет.-молочный;бежевый
03-07/77/50/01 св.беж-т.беж-фиолет.-молочный;03-07/77/50/01 св.беж-т.беж-фиолет.-молочный;фиолетовый
03-07/77/50/01 св.беж-т.беж-фиолет.-молочный;03-07/77/50/01 св.беж-т.беж-фиолет.-молочный;белый
03-07/77/50/01 св.беж-т.беж-фиолет.-молочный;03-07/77/50/01 св.беж-т.беж-фиолет.-молочный;многоцветный
03-07/78/01/02 св.беж-роз.меланж-молочный-т.серый;03-07/78/01/02 св.беж-роз.меланж-молочный-т.серый;бежевый
03-07/78/01/02 св.беж-роз.меланж-молочный-т.серый;03-07/78/01/02 св.беж-роз.меланж-молочный-т.серый;фуксия
03-07/78/01/02 св.беж-роз.меланж-молочный-т.серый;03-07/78/01/02 св.беж-роз.меланж-молочный-т.серый;белый
03-07/78/01/02 св.беж-роз.меланж-молочный-т.серый;03-07/78/01/02 св.беж-роз.меланж-молочный-т.серый;черный
03-07/78/01/02 св.беж-роз.меланж-молочный-т.серый;03-07/78/01/02 св.беж-роз.меланж-молочный-т.серый;многоцветный
03-100 песочный;03-100 песочный;коричневый
03-100 песочный;03-100 песочный;бежевый
03-104 т.роз.меланж;03-104 т.роз.меланж;фиолетовый
03-104/01/27 сир.-меланж;03-104/01/27 сир.-меланж;фиолетовый
03-104/01/27 сир.-меланж;03-104/01/27 сир.-меланж;белый
03-104/01/27 сир.-меланж;03-104/01/27 сир.-меланж;сирень
03-104/01/27 сир.-меланж;03-104/01/27 сир.-меланж;многоцветный
03-12 св.фиолетовый;03-12 св.фиолетовый;фиолетовый
03-12/01 св. фиолетовый-молочный;03-12/01 св. фиолетовый-молочный;фиолетовый
03-12/01 св. фиолетовый-молочный;03-12/01 св. фиолетовый-молочный;белый
03-12/01 св. фиолетовый-молочный;03-12/01 св. фиолетовый-молочный;многоцветный
03-12/01/10/50 св.фиолетовый-молочный-розовый-фиолетовый;03-12/01/10/50 св.фиолетовый-молочный-розовый-фиолетовый;фиолетовый
03-12/01/10/50 св.фиолетовый-молочный-розовый-фиолетовый;03-12/01/10/50 св.фиолетовый-молочный-розовый-фиолетовый;белый
03-12/01/10/50 св.фиолетовый-молочный-розовый-фиолетовый;03-12/01/10/50 св.фиолетовый-молочный-розовый-фиолетовый;розовый
03-12/01/10/50 св.фиолетовый-молочный-розовый-фиолетовый;03-12/01/10/50 св.фиолетовый-молочный-розовый-фиолетовый;многоцветный
03-123 изумруд;03-123 изумруд;бирюзовый
03-123 изумруд;03-123 изумруд;зеленый
03-126 т.сирень;03-126 т.сирень;сирень
03-126 т.сирень;03-126 т.сирень;фиолетовый
03-127 нефрит;03-127 нефрит;зеленый
03-127/01 зеленый-молоко;03-127/01 зеленый-молоко;зеленый
03-127/01 зеленый-молоко;03-127/01 зеленый-молоко;белый
03-127/01 зеленый-молоко;03-127/01 зеленый-молоко;многоцветный
03-131 т.розовый;03-131 т.розовый;розовый
03-133 св. беж-т.беж;03-133 св. беж-т.беж;бежевый
03-133/07 св.беж-какао с молоком;03-133/07 св.беж-какао с молоком;бежевый
03-133/07 св.беж-какао с молоком;03-133/07 св.беж-какао с молоком;многоцветный
03-133/36/77 св. беж;03-133/36/77 св. беж;бежевый
03-133/36/77 св. беж;03-133/36/77 св. беж;коричневый
03-133/36/77 св. беж;03-133/36/77 св. беж;многоцветный
03-133/75/02/104 св.беж;03-133/75/02/104 св.беж;бежевый
03-133/75/02/104 св.беж;03-133/75/02/104 св.беж;серый
03-133/75/02/104 св.беж;03-133/75/02/104 св.беж;черный
03-133/75/02/104 св.беж;03-133/75/02/104 св.беж;многоцветный
03-133/77 св. беж-т.беж;03-133/77 св. беж-т.беж;бежевый
03-133/77 св. беж-т.беж;03-133/77 св. беж-т.беж;коричневый
03-133/77 св. беж-т.беж;03-133/77 св. беж-т.беж;многоцветный
03-133/77 св. беж-т.беж;03-133/77 св. беж-т.беж;бежевый
03-133/77 св. беж-т.беж;03-133/77 св. беж-т.беж;коричневый
03-133/77 св. беж-т.беж;03-133/77 св. беж-т.беж;многоцветный
03-136 сирень;03-136 сирень;сирень
03-136 сирень;03-136 сирень;фиолетовый
03-139 т. голубой;03-139 т. голубой;голубой
03-139 т. голубой;03-139 т. голубой;синий
03-155 какао с молоком;03-155 какао с молоком;бежевый
03-165 св.беж;03-165 св.беж;бежевый
03-169 чайная роза;03-169 чайная роза;розовый
03-180 терракот.;03-180 терракот.;коричневый
03-180 терракот.;03-180 терракот.;оранжевый
03-187 бл.сирень;03-187 бл.сирень;сирень
03-189 т.коричневый;03-189 т.коричневый;коричневый
03-19 т.олива;03-19 т.олива;зеленый
03-21 борд.-крас. меланж;03-21 борд.-крас. меланж;красный
03-23 терракот;03-23 терракот;коричневый
03-23 терракот;03-23 терракот;оранжевый
03-257 фиолет.сер.;03-257 фиолет.сер.;фиолетовый
03-27 сирень;03-27 сирень;сирень
03-27 сирень;03-27 сирень;розовый
03-27/26/01/50 сирень-т.сирень-молочный-фиолетовый;03-27/26/01/50 сирень-т.сирень-молочный-фиолетовый;сирень
03-27/26/01/50 сирень-т.сирень-молочный-фиолетовый;03-27/26/01/50 сирень-т.сирень-молочный-фиолетовый;розовый
03-27/26/01/50 сирень-т.сирень-молочный-фиолетовый;03-27/26/01/50 сирень-т.сирень-молочный-фиолетовый;белый
03-27/26/01/50 сирень-т.сирень-молочный-фиолетовый;03-27/26/01/50 сирень-т.сирень-молочный-фиолетовый;фиолетовый
03-27/26/01/50 сирень-т.сирень-молочный-фиолетовый;03-27/26/01/50 сирень-т.сирень-молочный-фиолетовый;многоцветный
03-27/50 сирень;03-27/50 сирень;сирень
03-27/50 сирень;03-27/50 сирень;розовый
03-27/50 сирень;03-27/50 сирень;фиолетовый
03-27/50 сирень;03-27/50 сирень;многоцветный
03-27/54 сирень-слива;03-27/54 сирень-слива;сирень
03-27/54 сирень-слива;03-27/54 сирень-слива;розовый
03-27/54 сирень-слива;03-27/54 сирень-слива;фиолетовый
03-27/54 сирень-слива;03-27/54 сирень-слива;многоцветный
03-27/60/50 сирень;03-27/60/50 сирень;сирень
03-27/60/50 сирень;03-27/60/50 сирень;фуксия
03-27/60/50 сирень;03-27/60/50 сирень;розовый
03-27/60/50 сирень;03-27/60/50 сирень;сирень
03-27/60/50 сирень;03-27/60/50 сирень;многоцветный
03-29 лиловый;03-29 лиловый;фуксия
03-29 фуксия;03-29 фуксия;фуксия
03-31 св.серый;03-31 св.серый;серый
03-31/02 св. серый;03-31/02 св. серый;серый
03-31/02 св. серый;03-31/02 св. серый;черный
03-31/02 св. серый;03-31/02 св. серый;многоцветный
03-31/02/75 св. серый;03-31/02/75 св. серый;серый
03-31/02/75 св. серый;03-31/02/75 св. серый;черный
03-31/02/75 св. серый;03-31/02/75 св. серый;многоцветный
03-31/10/01 св.серый-розовый-молочный;03-31/10/01 св.серый-розовый-молочный;серый
03-31/10/01 св.серый-розовый-молочный;03-31/10/01 св.серый-розовый-молочный;розовый
03-31/10/01 св.серый-розовый-молочный;03-31/10/01 св.серый-розовый-молочный;белый
03-31/10/01 св.серый-розовый-молочный;03-31/10/01 св.серый-розовый-молочный;многоцветный
03-31/75 светло серый;03-31/75 светло серый;серый
03-31/75 светло серый;03-31/75 светло серый;многоцветный
03-31/75/02 св. серый;03-31/75/02 св. серый;серый
03-31/75/02 св. серый;03-31/75/02 св. серый;черный
03-31/75/02 св. серый;03-31/75/02 св. серый;многоцветный
03-31/75/44/02/08 св.серый-серый-антр.меланж-т.серый-черный;03-31/75/44/02/08 св.серый-серый-антр.меланж-т.серый-черный;серый
03-31/75/44/02/08 св.серый-серый-антр.меланж-т.серый-черный;03-31/75/44/02/08 св.серый-серый-антр.меланж-т.серый-черный;черный
03-31/75/44/02/08 св.серый-серый-антр.меланж-т.серый-черный;03-31/75/44/02/08 св.серый-серый-антр.меланж-т.серый-черный;многоцветный
03-314 горчица;03-314 горчица;желтый
03-316 джинс;03-316 джинс;синий
03-316 джинс;03-316 джинс;голубой
03-335 оливка;03-335 оливка;зеленый
03-344/31 ментол-серый;03-344/31 ментол-серый;бирюзовый
03-344/31 ментол-серый;03-344/31 ментол-серый;зеленый
03-344/31 ментол-серый;03-344/31 ментол-серый;серый
03-344/31 ментол-серый;03-344/31 ментол-серый;многоцветный
03-36 коричневый;03-36 коричневый;коричневый
03-36/07/77 коричневый;03-36/07/77 коричневый;коричневый
03-36/07/77 коричневый;03-36/07/77 коричневый;бежевый
03-36/07/77 коричневый;03-36/07/77 коричневый;многоцветный
03-36/77/07 коричневый;03-36/77/07 коричневый;коричневый
03-36/77/07 коричневый;03-36/77/07 коричневый;бежевый
03-36/77/07 коричневый;03-36/77/07 коричневый;многоцветный
03-37 красный;03-37 красный;красный
03-373 коралл;03-373 коралл;красный
03-40 серо-синий;03-40 серо-синий;серый
03-42 дымчатый;03-42 дымчатый;серый
03-44/01 антрацит меланж;03-44/01 антрацит меланж;черный
03-44/01 антрацит меланж;03-44/01 антрацит меланж;белый
03-44/01 антрацит меланж;03-44/01 антрацит меланж;многоцветный
03-44/04 антрацит меланж;03-44/04 антрацит меланж;черный
03-44/04 антрацит меланж;03-44/04 антрацит меланж;серый
03-44/04 антрацит меланж;03-44/04 антрацит меланж;многоцветный
03-44/07 антрацит меланж;03-44/07 антрацит меланж;черный
03-44/07 антрацит меланж;03-44/07 антрацит меланж;бежевый
03-44/07 антрацит меланж;03-44/07 антрацит меланж;многоцветный
03-44/133 антрацит меланж;03-44/133 антрацит меланж;черный
03-44/133 антрацит меланж;03-44/133 антрацит меланж;бежевый
03-44/133 антрацит меланж;03-44/133 антрацит меланж;многоцветный
03-44/31 антрацит меланж;03-44/31 антрацит меланж;черный
03-44/31 антрацит меланж;03-44/31 антрацит меланж;серый
03-44/31 антрацит меланж;03-44/31 антрацит меланж;многоцветный
03-48 св. беж;03-48 св. беж;бежевый
03-50 баклажан;03-50 баклажан;фиолетовый
03-50/01 баклажан-молочный;03-50/01 баклажан-молочный;фиолетовый
03-50/01 баклажан-молочный;03-50/01 баклажан-молочный;белый
03-50/01 баклажан-молочный;03-50/01 баклажан-молочный;многоцветный
03-50/78 баклажан;03-50/78 баклажан;фиолетовый
03-50/78 баклажан;03-50/78 баклажан;фуксия
03-50/78 баклажан;03-50/78 баклажан;многоцветный
03-54 слива;03-54 слива;фиолетовый
03-54 фиолетовый;03-54 фиолетовый;фиолетовый
03-54/01 слива-молочный;03-54/01 слива-молочный;фиолетовый
03-54/01 слива-молочный;03-54/01 слива-молочный;белый
03-54/01 слива-молочный;03-54/01 слива-молочный;многоцветный
03-54/01/27 слива;03-54/01/27 слива;фиолетовый
03-54/01/27 слива;03-54/01/27 слива;белый
03-54/01/27 слива;03-54/01/27 слива;розовый
03-54/01/27 слива;03-54/01/27 слива;многоцветный
03-54/40/74 слива;03-54/40/74 слива;фиолетовый
03-54/40/74 слива;03-54/40/74 слива;многоцветный
03-56 т. розовый;03-56 т. розовый;розовый
03-56 т. розовый;03-56 т. розовый;фиолетовый
03-60 сир.меланж;03-60 сир.меланж;розовый
03-60 сир.меланж;03-60 сир.меланж;фиолетовый
03-60/27/50 сир. меланж;03-60/27/50 сир. меланж;розовый
03-60/27/50 сир. меланж;03-60/27/50 сир. меланж;фиолетовый
03-60/27/50 сир. меланж;03-60/27/50 сир. меланж;многоцветный
03-67 молочный;03-67 молочный;белый
03-67/02/04 молочный;03-67/02/04 молочный;белый
03-67/02/04 молочный;03-67/02/04 молочный;черный
03-67/02/04 молочный;03-67/02/04 молочный;серый
03-67/02/04 молочный;03-67/02/04 молочный;многоцветный
03-68 фиолетовый;03-68 фиолетовый;фиолетовый
03-75 серый;03-75 серый;серый
03-75/02 серый-т.серый;03-75/02 серый-т.серый;серый
03-75/02 серый-т.серый;03-75/02 серый-т.серый;черный
03-75/02 серый-т.серый;03-75/02 серый-т.серый;многоцветный
03-75/02/01 серый-молочный;03-75/02/01 серый-молочный;серый
03-75/02/01 серый-молочный;03-75/02/01 серый-молочный;черный
03-75/02/01 серый-молочный;03-75/02/01 серый-молочный;белый
03-75/02/01 серый-молочный;03-75/02/01 серый-молочный;многоцветный
03-75/02/25/01/126 серый;03-75/02/25/01/126 серый;серый
03-75/02/25/01/126 серый;03-75/02/25/01/126 серый;черный
03-75/02/25/01/126 серый;03-75/02/25/01/126 серый;белый
03-75/02/25/01/126 серый;03-75/02/25/01/126 серый;фиолетовый
03-75/02/25/01/126 серый;03-75/02/25/01/126 серый;сирень
03-75/02/25/01/126 серый;03-75/02/25/01/126 серый;многоцветный
03-75/02/31 серый-св.серый;03-75/02/31 серый-св.серый;серый
03-75/02/31 серый-св.серый;03-75/02/31 серый-св.серый;черный
03-75/02/31 серый-св.серый;03-75/02/31 серый-св.серый;многоцветный
03-75/25/02/01 серый-св.джинс-т.серый-молочный;03-75/25/02/01 серый-св.джинс-т.серый-молочный;серый
03-75/25/02/01 серый-св.джинс-т.серый-молочный;03-75/25/02/01 серый-св.джинс-т.серый-молочный;синий
03-75/25/02/01 серый-св.джинс-т.серый-молочный;03-75/25/02/01 серый-св.джинс-т.серый-молочный;белый
03-75/25/02/01 серый-св.джинс-т.серый-молочный;03-75/25/02/01 серый-св.джинс-т.серый-молочный;многоцветный
03-75/31/02 серый;03-75/31/02 серый;серый
03-75/31/02 серый;03-75/31/02 серый;белый
03-75/31/02 серый;03-75/31/02 серый;черный
03-75/31/02 серый;03-75/31/02 серый;многоцветный
03-75/31/50 серый;03-75/31/50 серый;серый
03-75/31/50 серый;03-75/31/50 серый;черный
03-75/31/50 серый;03-75/31/50 серый;фиолетовый
03-75/31/50 серый;03-75/31/50 серый;многоцветный
03-75/44 серый;03-75/44 серый;серый
03-75/44 серый;03-75/44 серый;черный
03-75/44 серый;03-75/44 серый;многоцветный
03-75/54/31 серый;03-75/54/31 серый;серый
03-75/54/31 серый;03-75/54/31 серый;фиолетовый
03-75/54/31 серый;03-75/54/31 серый;многоцветный
03-76 т.серый;03-76 т.серый;черный
03-76/01 т.серый-молочный;03-76/01 т.серый-молочный;черный
03-76/01 т.серый-молочный;03-76/01 т.серый-молочный;белый
03-76/01 т.серый-молочный;03-76/01 т.серый-молочный;многоцветный
03-76/01/54 т.серый;03-76/01/54 т.серый;черный
03-76/01/54 т.серый;03-76/01/54 т.серый;белый
03-76/01/54 т.серый;03-76/01/54 т.серый;фиолетовый
03-76/01/54 т.серый;03-76/01/54 т.серый;многоцветный
03-77 т.бежевый;03-77 т.бежевый;бежевый
03-77/01 т.беж-молочный;03-77/01 т.беж-молочный;бежевый
03-77/01 т.беж-молочный;03-77/01 т.беж-молочный;белый
03-77/01 т.беж-молочный;03-77/01 т.беж-молочный;многоцветный
03-77/01/133 темно-бежевый;03-77/01/133 темно-бежевый;бежевый
03-77/01/133 темно-бежевый;03-77/01/133 темно-бежевый;белый
03-77/01/133 темно-бежевый;03-77/01/133 темно-бежевый;многоцветный
03-77/01/60 т.беж;03-77/01/60 т.беж;бежевый
03-77/01/60 т.беж;03-77/01/60 т.беж;белый
03-77/01/60 т.беж;03-77/01/60 т.беж;розовый
03-77/01/60 т.беж;03-77/01/60 т.беж;фиолетовый
03-77/01/60 т.беж;03-77/01/60 т.беж;многоцветный
03-77/02/07 т.беж-т.серый-св.беж;03-77/02/07 т.беж-т.серый-св.беж;бежевый
03-77/02/07 т.беж-т.серый-св.беж;03-77/02/07 т.беж-т.серый-св.беж;черный
03-77/02/07 т.беж-т.серый-св.беж;03-77/02/07 т.беж-т.серый-св.беж;многоцветный
03-77/07/01 т. беж-какао с мол.-молочный;03-77/07/01 т. беж-какао с мол.-молочный;бежевый
03-77/07/01 т. беж-какао с мол.-молочный;03-77/07/01 т. беж-какао с мол.-молочный;белый
03-77/07/01 т. беж-какао с мол.-молочный;03-77/07/01 т. беж-какао с мол.-молочный;многоцветный
03-77/133 т.беж-св. беж;03-77/133 т.беж-св. беж;бежевый
03-77/133 т.беж-св. беж;03-77/133 т.беж-св. беж;многоцветный
03-77/36/01 т.беж;03-77/36/01 т.беж;бежевый
03-77/36/01 т.беж;03-77/36/01 т.беж;коричневый
03-77/36/01 т.беж;03-77/36/01 т.беж;белый
03-77/36/01 т.беж;03-77/36/01 т.беж;многоцветный
03-77/48/36 т.беж;03-77/48/36 т.беж;бежевый
03-77/48/36 т.беж;03-77/48/36 т.беж;коричневый
03-77/48/36 т.беж;03-77/48/36 т.беж;многоцветный
03-77/501/31 т.беж-белый-черный;03-77/501/31 т.беж-белый-черный;бежевый
03-77/501/31 т.беж-белый-черный;03-77/501/31 т.беж-белый-черный;белый
03-77/501/31 т.беж-белый-черный;03-77/501/31 т.беж-белый-черный;черный
03-77/501/31 т.беж-белый-черный;03-77/501/31 т.беж-белый-черный;многоцветный
03-78 роз.меланж;03-78 роз.меланж;розовый
03-78 роз.меланж;03-78 роз.меланж;фуксия
03-78/01 роз.меланж-молоко;03-78/01 роз.меланж-молоко;розовый
03-78/01 роз.меланж-молоко;03-78/01 роз.меланж-молоко;фуксия
03-78/01 роз.меланж-молоко;03-78/01 роз.меланж-молоко;белый
03-78/01 роз.меланж-молоко;03-78/01 роз.меланж-молоко;многоцветный
03-8570 св.серый;03-8570 св.серый;серый
03-89 орхидея;03-89 орхидея;розовый
03-89 орхидея;03-89 орхидея;серый
0306 желт.;0306 желт.;желтый
04-0101/10110 белый;04-0101/10110 белый;белый
04-0104 молоко;04-0104 молоко;белый
04-0104/30 молочный-коричневый;04-0104/30 молочный-коричневый;белый
04-0104/30 молочный-коричневый;04-0104/30 молочный-коричневый;коричневый
04-0104/30 молочный-коричневый;04-0104/30 молочный-коричневый;многоцветный
04-0908 клевер;04-0908 клевер;розовый
04-10 молоко;04-10 молоко;белый
04-1000/10110 св.серый;04-1000/10110 св.серый;серый
04-1000/10110 св.серый;04-1000/10110 св.серый;черный
04-1000/10110 св.серый;04-1000/10110 св.серый;многоцветный
04-1002/1004 серый-антрацит;04-1002/1004 серый-антрацит;серый
04-1002/1004 серый-антрацит;04-1002/1004 серый-антрацит;черный
04-1002/1004 серый-антрацит;04-1002/1004 серый-антрацит;многоцветный
04-1002/10506 серый-розовй;04-1002/10506 серый-розовй;серый
04-1002/10506 серый-розовй;04-1002/10506 серый-розовй;розовый
04-1002/10506 серый-розовй;04-1002/10506 серый-розовй;многоцветный
04-1004/10054 антрацит-белый;04-1004/10054 антрацит-белый;серый
04-1004/10054 антрацит-белый;04-1004/10054 антрацит-белый;белый
04-1004/10054 антрацит-белый;04-1004/10054 антрацит-белый;многоцветный
04-1006 красный;04-1006 красный;красный
04-10110 черный;04-10110 черный;черный
04-10110/0101 черный;04-10110/0101 черный;черный
04-10110/0101 черный;04-10110/0101 черный;белый
04-10110/0101 черный;04-10110/0101 черный;многоцветный
04-10110/0104 черный;04-10110/0104 черный;черный
04-10110/0104 черный;04-10110/0104 черный;серый
04-10110/0104 черный;04-10110/0104 черный;многоцветный
04-10110/1000 черный;04-10110/1000 черный;черный
04-10110/1000 черный;04-10110/1000 черный;серый
04-10110/1000 черный;04-10110/1000 черный;многоцветный
04-1018/1238 светлый беж;04-1018/1238 светлый беж;бежевый
04-1018/1238 светлый беж;04-1018/1238 светлый беж;коричневый
04-1018/1238 светлый беж;04-1018/1238 светлый беж;многоцветный
04-13103 серый;04-13103 серый;серый
04-13106 т. серый;04-13106 т. серый;серый
04-13106/13103 т. серый;04-13106/13103 т. серый;коричневый
04-13106/13103 т. серый;04-13106/13103 т. серый;бежевый
04-13106/13103 т. серый;04-13106/13103 т. серый;многоцветный
04-13107/13101 т.серый;04-13107/13101 т.серый;серый
04-13107/13101 т.серый;04-13107/13101 т.серый;многоцветный
04-13107/990/13101 т. серый;04-13107/990/13101 т. серый;серый
04-13107/990/13101 т. серый;04-13107/990/13101 т. серый;черный
04-13107/990/13101 т. серый;04-13107/990/13101 т. серый;многоцветный
04-13107/990/901 т.серый-белый;04-13107/990/901 т.серый-белый;серый
04-13107/990/901 т.серый-белый;04-13107/990/901 т.серый-белый;белый
04-13107/990/901 т.серый-белый;04-13107/990/901 т.серый-белый;многоцветный
04-13109/10110/13101 антрацит;04-13109/10110/13101 антрацит;серый
04-13109/10110/13101 антрацит;04-13109/10110/13101 антрацит;черный
04-13109/10110/13101 антрацит;04-13109/10110/13101 антрацит;многоцветный
04-156 серый;04-156 серый;серый
04-2406 мокко;04-2406 мокко;коричневый
04-30/74 коричневый;04-30/74 коричневый;коричневый
04-30/74 коричневый;04-30/74 коричневый;бежевый
04-30/74 коричневый;04-30/74 коричневый;многоцветный
04-327 серый;04-327 серый;серый
04-3408/7003/6505/501 сирен.пепел;04-3408/7003/6505/501 сирен.пепел;сирень
04-3408/7003/6505/501 сирен.пепел;04-3408/7003/6505/501 сирен.пепел;фиолетовый
04-3408/7003/6505/501 сирен.пепел;04-3408/7003/6505/501 сирен.пепел;розовый
04-3408/7003/6505/501 сирен.пепел;04-3408/7003/6505/501 сирен.пепел;белый
04-3408/7003/6505/501 сирен.пепел;04-3408/7003/6505/501 сирен.пепел;многоцветный
04-3500 черный;04-3500 черный;черный
04-3504 сирень;04-3504 сирень;сирень
04-3504 сирень;04-3504 сирень;розовый
04-415601 коричневый меланж;04-415601 коричневый меланж;бежевый
04-42/4506/13102 антрацит-слива-св.серый;04-42/4506/13102 антрацит-слива-св.серый;серый
04-42/4506/13102 антрацит-слива-св.серый;04-42/4506/13102 антрацит-слива-св.серый;фиолетовый
04-42/4506/13102 антрацит-слива-св.серый;04-42/4506/13102 антрацит-слива-св.серый;многоцветный
04-42/5009/13102 антрацит-бирюза-св.серый;04-42/5009/13102 антрацит-бирюза-св.серый;серый
04-42/5009/13102 антрацит-бирюза-св.серый;04-42/5009/13102 антрацит-бирюза-св.серый;бирюзовый
04-42/5009/13102 антрацит-бирюза-св.серый;04-42/5009/13102 антрацит-бирюза-св.серый;серый
04-4303 брусника;04-4303 брусника;розовый
04-47 темно серый;04-47 темно серый;серый
04-49 серый;04-49 серый;серый
04-49/10110 серый;04-49/10110 серый;серый
04-49/10110 серый;04-49/10110 серый;белый
04-49/10110 серый;04-49/10110 серый;многоцветный
04-49/990/42/9501 серый;04-49/990/42/9501 серый;серый
04-49/990/42/9501 серый;04-49/990/42/9501 серый;черный
04-49/990/42/9501 серый;04-49/990/42/9501 серый;белый
04-49/990/42/9501 серый;04-49/990/42/9501 серый;многоцветный
04-5108 мор. волна;04-5108 мор. волна;бирюзовый
04-5108 мор. волна;04-5108 мор. волна;синий
04-5203 василек;04-5203 василек;синий
04-62 коричневый;04-62 коричневый;бежевый
04-62 коричневый;04-62 коричневый;коричневый
04-62/30/74 коричневый;04-62/30/74 коричневый;коричневый
04-62/30/74 коричневый;04-62/30/74 коричневый;бежевый
04-62/30/74 коричневый;04-62/30/74 коричневый;многоцветный
04-6402 спелая вишня;04-6402 спелая вишня;розовый
04-6610 дымчатый;04-6610 дымчатый;серый
04-901 белый;04-901 белый;белый
04-9500 черный;04-9500 черный;черный
04-9500/1004/1003 черный;04-9500/1004/1003 черный;черный
04-9500/1004/1003 черный;04-9500/1004/1003 черный;серый
04-9500/1004/1003 черный;04-9500/1004/1003 черный;многоцветный
04-990 черный;04-990 черный;черный
05-0404 морковь;05-0404 морковь;оранжевый
05-0507 рыжий;05-0507 рыжий;оранжевый
05-064 Лен;05-064 Лен;бежевый
05-064/01 беж.меланж;05-064/01 беж.меланж;бежевый
05-064/2406 Лен-серо-лавандовый;05-064/2406 Лен-серо-лавандовый;бежевый
05-064/2406 Лен-серо-лавандовый;05-064/2406 Лен-серо-лавандовый;сирень
05-064/2406 Лен-серо-лавандовый;05-064/2406 Лен-серо-лавандовый;многоцветный
05-064/5902 Лен-беж;05-064/5902 Лен-беж;бежевый
05-064/5902 Лен-беж;05-064/5902 Лен-беж;многоцветный
05-10 мол.;05-10 мол.;белый
05-10110 черный;05-10110 черный;черный
05-1406 горчица;05-1406 горчица;желтый
05-153 серый;05-153 серый;серый
05-17 терракот;05-17 терракот;коричневый
05-17 терракот;05-17 терракот;оранжевый
05-18 бордо;05-18 бордо;красный
05-1802 мята;05-1802 мята;зеленый
05-1802 мята;05-1802 мята;бирюзовый
05-2104 зеленый;05-2104 зеленый;зеленый
05-2104 зеленый;05-2104 зеленый;зеленый
05-2208 т.олива;05-2208 т.олива;зеленый
05-225 розовый;05-225 розовый;розовый
05-2406 серо-лавандовый;05-2406 серо-лавандовый;серый
05-2406 серо-лавандовый;05-2406 серо-лавандовый;сирень
05-2703 св. бирюза;05-2703 св. бирюза;бирюзовый
05-3004 голубой;05-3004 голубой;бирюзовый
05-3004 голубой;05-3004 голубой;голубой
05-3004 голубой;05-3004 голубой;синий
05-3082 серый;05-3082 серый;серый
05-315 коричн.;05-315 коричн.;коричневый
05-333 джинс;05-333 джинс;синий
05-333 джинс;05-333 джинс;голубой
05-3627 фиолетовый;05-3627 фиолетовый;фиолетовый
05-4005 морковь;05-4005 морковь;оранжевый
05-4104 кирпичный;05-4104 кирпичный;оранжевый
05-4201 т.морковь;05-4201 т.морковь;оранжевый
05-4201 т.морковь;05-4201 т.морковь;коричневый
05-4209 розовый;05-4209 розовый;розовый
05-4305 клевер;05-4305 клевер;розовый
05-4306 клевер;05-4306 клевер;розовый
05-4405 фуксия;05-4405 фуксия;фуксия
05-4409 фуксия;05-4409 фуксия;фуксия
05-4410 фуксия;05-4410 фуксия;фуксия
05-4410 фуксия;05-4410 фуксия;розовый
05-4508 коралл;05-4508 коралл;красный
05-4508/990 коралл;05-4508/990 коралл;красный
05-4508/990 коралл;05-4508/990 коралл;черный
05-4508/990 коралл;05-4508/990 коралл;многоцветный
05-4609/10110 малина;05-4609/10110 малина;красный
05-4609/10110 малина;05-4609/10110 малина;черный
05-4609/10110 малина;05-4609/10110 малина;многоцветный
05-47 т.серый;05-47 т.серый;серый
05-4805 серый;05-4805 серый;голубой
05-4805 серый;05-4805 серый;серый
05-49 серый;05-49 серый;серый
05-4902 джинс;05-4902 джинс;голубой
05-4902 джинс;05-4902 джинс;синий
05-5201 т.морск.волна;05-5201 т.морск.волна;синий
05-5201 т.морск.волна;05-5201 т.морск.волна;бирюзовый
05-5902 беж;05-5902 беж;бежевый
05-6010 коричневый;05-6010 коричневый;коричневый
05-6101 сирень;05-6101 сирень;сирень
05-6110 сирень;05-6110 сирень;сирень
05-6110 сирень;05-6110 сирень;фиолетовый
05-6404 слива;05-6404 слива;фиолетовый
05-6505 слива;05-6505 слива;фиолетовый
05-952 сирень;05-952 сирень;сирень
05-990 черный;05-990 черный;черный
05-990/02 черн.меланж;05-990/02 черн.меланж;черный
0701 сир-роз. меланж;0701 сир-роз. меланж;розовый
08-25733 м.волна;08-25733 м.волна;синий
08-2608 серый;08-2608 серый;серый
08-30186/579 белый;08-30186/579 белый;белый
08-30186/579 белый;08-30186/579 белый;голубой
08-30186/579 белый;08-30186/579 белый;многоцветный
08-3310 фиолет;08-3310 фиолет;фиолетовый
08-3507 бирюза;08-3507 бирюза;бирюзовый
08-412 беж;08-412 беж;бежевый
08-480 антрацит;08-480 антрацит;черный
08-501762 морск. волна;08-501762 морск. волна;синий
08-583 джинс;08-583 джинс;синий
08-619 т.серый;08-619 т.серый;серый
09-0104 молочный;09-0104 молочный;белый
09-0104/4507/6708 молочный;09-0104/4507/6708 молочный;белый
09-0104/4507/6708 молочный;09-0104/4507/6708 молочный;оранжевый
09-0104/4507/6708 молочный;09-0104/4507/6708 молочный;коричневый
09-0104/4507/6708 молочный;09-0104/4507/6708 молочный;многоцветный
09-0601 морковный;09-0601 морковный;оранжевый
09-1103/5610 олива;09-1103/5610 олива;зеленый
09-1103/5610 олива;09-1103/5610 олива;многоцветный
09-1308 коричневый;09-1308 коричневый;коричневый
09-1310 коричневый;09-1310 коричневый;коричневый
09-1803 ярк. зеленый;09-1803 ярк. зеленый;зеленый
09-2104/22 зеленый;09-2104/22 зеленый;зеленый
09-2104/22 зеленый;09-2104/22 зеленый;многоцветный
09-2104/4391 зеленый;09-2104/4391 зеленый;зеленый
09-2104/4391 зеленый;09-2104/4391 зеленый;многоцветный
09-2501 св.серый;09-2501 св.серый;серый
09-2501/2610 св.серый;09-2501/2610 св.серый;серый
09-2501/2610 св.серый;09-2501/2610 св.серый;многоцветный
09-2501/6704 св.серый;09-2501/6704 св.серый;серый
09-2501/6704 св.серый;09-2501/6704 св.серый;многоцветный
09-2501/6708 св.серый;09-2501/6708 св.серый;серый
09-2501/6708 св.серый;09-2501/6708 св.серый;многоцветный
09-2610 фиол.сер.;09-2610 фиол.сер.;серый
09-2610/2501 фиол.сер.-св.серый;09-2610/2501 фиол.сер.-св.серый;серый
09-2610/2501 фиол.сер.-св.серый;09-2610/2501 фиол.сер.-св.серый;многоцветный
09-2610/3407 фиолет.серый;09-2610/3407 фиолет.серый;серый
09-2610/3407 фиолет.серый;09-2610/3407 фиолет.серый;розовый
09-2610/3407 фиолет.серый;09-2610/3407 фиолет.серый;многоцветный
09-2610/9500 ф.серый;09-2610/9500 ф.серый;серый
09-2610/9500 ф.серый;09-2610/9500 ф.серый;черный
09-2610/9500 ф.серый;09-2610/9500 ф.серый;многоцветный
09-2610/9500/0104 ф.серый;09-2610/9500/0104 ф.серый;серый
09-2610/9500/0104 ф.серый;09-2610/9500/0104 ф.серый;белый
09-2610/9500/0104 ф.серый;09-2610/9500/0104 ф.серый;черный
09-2610/9500/0104 ф.серый;09-2610/9500/0104 ф.серый;многоцветный
09-2909/0104 т.синий;09-2909/0104 т.синий;синий
09-3407 бледная сирень;09-3407 бледная сирень;сирень
09-3407 бледная сирень;09-3407 бледная сирень;розовый
09-3407/3409 бледная сирень;09-3407/3409 бледная сирень;сирень
09-3407/3409 бледная сирень;09-3407/3409 бледная сирень;розовый
09-3407/3409 бледная сирень;09-3407/3409 бледная сирень;многоцветный
09-3407/40 бледная сирень;09-3407/40 бледная сирень;сирень
09-3407/40 бледная сирень;09-3407/40 бледная сирень;многоцветный
09-3407/6102/6601 бледная сирень;09-3407/6102/6601 бледная сирень;сирень
09-3407/6102/6601 бледная сирень;09-3407/6102/6601 бледная сирень;фиолетовый
09-3407/6102/6601 бледная сирень;09-3407/6102/6601 бледная сирень;многоцветный
09-3409 сирень;09-3409 сирень;сирень
09-3409/3407 сирень-бледная сирень;09-3409/3407 сирень-бледная сирень;сирень
09-3409/3407 сирень-бледная сирень;09-3409/3407 сирень-бледная сирень;розовый
09-3409/3407 сирень-бледная сирень;09-3409/3407 сирень-бледная сирень;многоцветный
09-3409/3407/6601 сирень-бледная сирень-баклажан;09-3409/3407/6601 сирень-бледная сирень-баклажан;сирень
09-3409/3407/6601 сирень-бледная сирень-баклажан;09-3409/3407/6601 сирень-бледная сирень-баклажан;розовый
09-3409/3407/6601 сирень-бледная сирень-баклажан;09-3409/3407/6601 сирень-бледная сирень-баклажан;фиолетовый
09-3409/3407/6601 сирень-бледная сирень-баклажан;09-3409/3407/6601 сирень-бледная сирень-баклажан;многоцветный
09-3510 серо-голубой;09-3510 серо-голубой;серый
09-3510/0104 серо-голубой;09-3510/0104 серо-голубой;серый
09-3510/0104 серо-голубой;09-3510/0104 серо-голубой;многоцветный
09-3510/9500 серо-голубой;09-3510/9500 серо-голубой;серый
09-3510/9500 серо-голубой;09-3510/9500 серо-голубой;черный
09-3510/9500 серо-голубой;09-3510/9500 серо-голубой;многоцветный
09-40 баклажан;09-40 баклажан;фиолетовый
09-4507 коралловый;09-4507 коралловый;красный
09-4507 коралловый;09-4507 коралловый;оранжевый
09-5101/08 морская волна-черный;09-5101/08 морская волна-черный;синий
09-5101/08 морская волна-черный;09-5101/08 морская волна-черный;черный
09-5101/08 морская волна-черный;09-5101/08 морская волна-черный;многоцветный
09-5207/2501 т.синий-св.серый;09-5207/2501 т.синий-св.серый;синий
09-5207/2501 т.синий-св.серый;09-5207/2501 т.синий-св.серый;серый
09-5207/2501 т.синий-св.серый;09-5207/2501 т.синий-св.серый;многоцветный
09-5207/6210 т.синий-клевер;09-5207/6210 т.синий-клевер;синий
09-5207/6210 т.синий-клевер;09-5207/6210 т.синий-клевер;розовый
09-5207/6210 т.синий-клевер;09-5207/6210 т.синий-клевер;многоцветный
09-5605 т.олива;09-5605 т.олива;зеленый
09-5610/5605/0104 хаки-т.олива-молочный;09-5610/5605/0104 хаки-т.олива-молочный;зеленый
09-5610/5605/0104 хаки-т.олива-молочный;09-5610/5605/0104 хаки-т.олива-молочный;белый
09-5610/5605/0104 хаки-т.олива-молочный;09-5610/5605/0104 хаки-т.олива-молочный;многоцветный
09-5803 св.беж;09-5803 св.беж;бежевый
09-5803/34 св.беж-т.коричневый;09-5803/34 св.беж-т.коричневый;бежевый
09-5803/34 св.беж-т.коричневый;09-5803/34 св.беж-т.коричневый;коричневый
09-5803/34 св.беж-т.коричневый;09-5803/34 св.беж-т.коричневый;многоцветный
09-5803/5807 св.беж;09-5803/5807 св.беж;бежевый
09-5803/5807 св.беж;09-5803/5807 св.беж;коричневый
09-5803/5807 св.беж;09-5803/5807 св.беж;многоцветный
09-5803/5807/5909 св. беж;09-5803/5807/5909 св. беж;коричневый
09-5803/5807/5909 св. беж;09-5803/5807/5909 св. беж;бежевый
09-5803/5807/5909 св. беж;09-5803/5807/5909 св. беж;многоцветный
09-5807 беж;09-5807 беж;бежевый
09-5807/17 беж;09-5807/17 беж;бежевый
09-5807/17 беж;09-5807/17 беж;многоцветный
09-5807/5803 беж-св.беж;09-5807/5803 беж-св.беж;бежевый
09-5807/5803 беж-св.беж;09-5807/5803 беж-св.беж;многоцветный
09-5807/5803/6009 беж;09-5807/5803/6009 беж;бежевый
09-5807/5803/6009 беж;09-5807/5803/6009 беж;многоцветный
09-5807/6009/5803 т.беж;09-5807/6009/5803 т.беж;коричневый
09-5807/6009/5803 т.беж;09-5807/6009/5803 т.беж;бежевый
09-5807/6009/5803 т.беж;09-5807/6009/5803 т.беж;многоцветный
09-5902 беж;09-5902 беж;бежевый
09-5902/0104/6009 беж;09-5902/0104/6009 беж;коричневый
09-5902/0104/6009 беж;09-5902/0104/6009 беж;бежевый
09-5902/0104/6009 беж;09-5902/0104/6009 беж;белый
09-5902/0104/6009 беж;09-5902/0104/6009 беж;многоцветный
09-5902/5909 беж-т.коричневый;09-5902/5909 беж-т.коричневый;коричневый
09-5902/5909 беж-т.коричневый;09-5902/5909 беж-т.коричневый;бежевый
09-5902/5909 беж-т.коричневый;09-5902/5909 беж-т.коричневый;многоцветный
09-5909 т.коричневый;09-5909 т.коричневый;коричневый
09-5909/5803 т. коричневый;09-5909/5803 т. коричневый;коричневый
09-5909/5803 т. коричневый;09-5909/5803 т. коричневый;многоцветный
09-5909/5807 т.коричневый;09-5909/5807 т.коричневый;коричневый
09-5909/5807 т.коричневый;09-5909/5807 т.коричневый;бежевый
09-5909/5807 т.коричневый;09-5909/5807 т.коричневый;многоцветный
09-6002 песочный;09-6002 песочный;коричневый
09-6009 шоколад;09-6009 шоколад;коричневый
09-6009/0601 шоколад;09-6009/0601 шоколад;коричневый
09-6009/0601 шоколад;09-6009/0601 шоколад;оранжевый
09-6009/0601 шоколад;09-6009/0601 шоколад;многоцветный
09-6009/17 шоколад-т.беж;09-6009/17 шоколад-т.беж;коричневый
09-6009/17 шоколад-т.беж;09-6009/17 шоколад-т.беж;бежевый
09-6009/17 шоколад-т.беж;09-6009/17 шоколад-т.беж;многоцветный
09-6009/6002/5803 шоколад;09-6009/6002/5803 шоколад;коричневый
09-6009/6002/5803 шоколад;09-6009/6002/5803 шоколад;белый
09-6009/6002/5803 шоколад;09-6009/6002/5803 шоколад;многоцветный
09-6102 сирень;09-6102 сирень;сирень
09-6210 клевер;09-6210 клевер;розовый
09-6210/40 клевер;09-6210/40 клевер;розовый
09-6601 баклажан;09-6601 баклажан;фиолетовый
09-6601/3407 баклажан;09-6601/3407 баклажан;фиолетовый
09-6601/3407 баклажан;09-6601/3407 баклажан;сирень
09-6601/3407 баклажан;09-6601/3407 баклажан;многоцветный
09-6601/3407/6708/3409 баклажан;09-6601/3407/6708/3409 баклажан;фиолетовый
09-6601/3407/6708/3409 баклажан;09-6601/3407/6708/3409 баклажан;сирень
09-6601/3407/6708/3409 баклажан;09-6601/3407/6708/3409 баклажан;розовый
09-6601/3407/6708/3409 баклажан;09-6601/3407/6708/3409 баклажан;многоцветный
09-6601/3409/3407 баклажан-бледная сирень;09-6601/3409/3407 баклажан-бледная сирень;фиолетовый
09-6601/3409/3407 баклажан-бледная сирень;09-6601/3409/3407 баклажан-бледная сирень;сирень
09-6601/3409/3407 баклажан-бледная сирень;09-6601/3409/3407 баклажан-бледная сирень;многоцветный
09-6601/3409/6210 баклажан-клевер;09-6601/3409/6210 баклажан-клевер;фиолетовый
09-6601/3409/6210 баклажан-клевер;09-6601/3409/6210 баклажан-клевер;розовый
09-6601/3409/6210 баклажан-клевер;09-6601/3409/6210 баклажан-клевер;многоцветный
09-6601/40 баклажан;09-6601/40 баклажан;фиолетовый
09-6704 серый;09-6704 серый;серый
09-6704/1803 серый;09-6704/1803 серый;серый
09-6704/1803 серый;09-6704/1803 серый;зеленый
09-6704/1803 серый;09-6704/1803 серый;многоцветный
09-6704/2501/2610 серый;09-6704/2501/2610 серый;серый
09-6704/2501/2610 серый;09-6704/2501/2610 серый;многоцветный
09-6704/2501/6708 серый;09-6704/2501/6708 серый;серый
09-6704/2501/6708 серый;09-6704/2501/6708 серый;многоцветный
09-6704/2610/6708 серый-фиолет.серый-антрацит;09-6704/2610/6708 серый-фиолет.серый-антрацит;серый
09-6704/2610/6708 серый-фиолет.серый-антрацит;09-6704/2610/6708 серый-фиолет.серый-антрацит;черный
09-6704/2610/6708 серый-фиолет.серый-антрацит;09-6704/2610/6708 серый-фиолет.серый-антрацит;многоцветный
09-6704/2909/0104 серый-т.синий-молочный;09-6704/2909/0104 серый-т.синий-молочный;серый
09-6704/2909/0104 серый-т.синий-молочный;09-6704/2909/0104 серый-т.синий-молочный;синий
09-6704/2909/0104 серый-т.синий-молочный;09-6704/2909/0104 серый-т.синий-молочный;белый
09-6704/2909/0104 серый-т.синий-молочный;09-6704/2909/0104 серый-т.синий-молочный;многоцветный
09-6708 антрацит;09-6708 антрацит;серый
09-6708/06 антрацит-св.серый;09-6708/06 антрацит-св.серый;серый
09-6708/06 антрацит-св.серый;09-6708/06 антрацит-св.серый;многоцветный
09-6708/1803/0101 антрацит-ярк.зеленый;09-6708/1803/0101 антрацит-ярк.зеленый;серый
09-6708/1803/0101 антрацит-ярк.зеленый;09-6708/1803/0101 антрацит-ярк.зеленый;зеленый
09-6708/1803/0101 антрацит-ярк.зеленый;09-6708/1803/0101 антрацит-ярк.зеленый;многоцветный
09-6708/2104/2501 антрацит-зеленый-св.серый;09-6708/2104/2501 антрацит-зеленый-св.серый;серый
09-6708/2104/2501 антрацит-зеленый-св.серый;09-6708/2104/2501 антрацит-зеленый-св.серый;зеленый
09-6708/2104/2501 антрацит-зеленый-св.серый;09-6708/2104/2501 антрацит-зеленый-св.серый;многоцветный
09-6708/2501 антрацит;09-6708/2501 антрацит;серый
09-6708/2501 антрацит;09-6708/2501 антрацит;многоцветный
09-6708/2501 антрацит-св.серый;09-6708/2501 антрацит-св.серый;серый
09-6708/2501 антрацит-св.серый;09-6708/2501 антрацит-св.серый;многоцветный
09-6708/2610/2501/6704 антрацит;09-6708/2610/2501/6704 антрацит;черный
09-6708/2610/2501/6704 антрацит;09-6708/2610/2501/6704 антрацит;серый
09-6708/2610/2501/6704 антрацит;09-6708/2610/2501/6704 антрацит;многоцветный
09-6708/4507 антрацит;09-6708/4507 антрацит;серый
09-6708/4507 антрацит;09-6708/4507 антрацит;красный
09-6708/4507 антрацит;09-6708/4507 антрацит;многоцветный
09-6708/4507/2501 антрацит-коралловый;09-6708/4507/2501 антрацит-коралловый;серый
09-6708/4507/2501 антрацит-коралловый;09-6708/4507/2501 антрацит-коралловый;красный
09-6708/4507/2501 антрацит-коралловый;09-6708/4507/2501 антрацит-коралловый;многоцветный
09-6708/6704/4507 антрацит-коралл;09-6708/6704/4507 антрацит-коралл;серый
09-6708/6704/4507 антрацит-коралл;09-6708/6704/4507 антрацит-коралл;красный
09-6708/6704/4507 антрацит-коралл;09-6708/6704/4507 антрацит-коралл;многоцветный
09-9500 черный;09-9500 черный;черный
09-9500/0101 черный;09-9500/0101 черный;черный
09-9500/22/28 черный-т.серый-клевер;09-9500/22/28 черный-т.серый-клевер;черный
09-9500/22/28 черный-т.серый-клевер;09-9500/22/28 черный-т.серый-клевер;серый
09-9500/22/28 черный-т.серый-клевер;09-9500/22/28 черный-т.серый-клевер;розовый
09-9500/22/28 черный-т.серый-клевер;09-9500/22/28 черный-т.серый-клевер;многоцветный
09-9500/22/42 черный-т.серый-голубой;09-9500/22/42 черный-т.серый-голубой;черный
09-9500/22/42 черный-т.серый-голубой;09-9500/22/42 черный-т.серый-голубой;серый
09-9500/22/42 черный-т.серый-голубой;09-9500/22/42 черный-т.серый-голубой;голубой
09-9500/22/42 черный-т.серый-голубой;09-9500/22/42 черный-т.серый-голубой;многоцветный
09-9500/22/5101 черный-т.серый-морская волна;09-9500/22/5101 черный-т.серый-морская волна;черный
09-9500/22/5101 черный-т.серый-морская волна;09-9500/22/5101 черный-т.серый-морская волна;серый
09-9500/22/5101 черный-т.серый-морская волна;09-9500/22/5101 черный-т.серый-морская волна;синий
09-9500/22/5101 черный-т.серый-морская волна;09-9500/22/5101 черный-т.серый-морская волна;многоцветный
09-9500/2610 черный;09-9500/2610 черный;черный
09-9500/2610 черный;09-9500/2610 черный;серый
09-9500/2610 черный;09-9500/2610 черный;многоцветный
09-9500/6210/6704 черный-клевер-серый;09-9500/6210/6704 черный-клевер-серый;черный
09-9500/6210/6704 черный-клевер-серый;09-9500/6210/6704 черный-клевер-серый;розовый
09-9500/6210/6704 черный-клевер-серый;09-9500/6210/6704 черный-клевер-серый;серый
09-9500/6210/6704 черный-клевер-серый;09-9500/6210/6704 черный-клевер-серый;многоцветный
09-990 черный;09-990 черный;черный
10 ВТ мол.;10 ВТ мол.;белый
10-004 бело черный;10-004 бело черный;белый
10-004 бело черный;10-004 бело черный;черный
10-004 бело черный;10-004 бело черный;многоцветный
10-006 черный+белый;10-006 черный+белый;белый
10-006 черный+белый;10-006 черный+белый;черный
10-006 черный+белый;10-006 черный+белый;многоцветный
11 м.волна;11 м.волна;синий
11 м.волна;11 м.волна;бирюзовый
11-02 молочный;11-02 молочный;белый
11-053 коричневый;11-053 коричневый;коричневый
11-10 бирюза;11-10 бирюза;бирюзовый
11-10201 молочный;11-10201 молочный;белый
11-109 желтый;11-109 желтый;желтый
11-126 голубой;11-126 голубой;голубой
11-146 яркая сирень;11-146 яркая сирень;сирень
11-147 сиреневый;11-147 сиреневый;сирень
11-159 т. серый;11-159 т. серый;серый
11-26 черный;11-26 черный;черный
11-34 салатовый;11-34 салатовый;зеленый
13-005-св.беж;13-005-св.беж;бежевый
13-011 св.джинс;13-011 св.джинс;голубой
13-011 св.джинс;13-011 св.джинс;синий
13-013 т. коричневый;13-013 т. коричневый;коричневый
13-013/160 т. коричневый;13-013/160 т. коричневый;коричневый
13-013/160 т. коричневый;13-013/160 т. коричневый;бежевый
13-013/160 т. коричневый;13-013/160 т. коричневый;многоцветный
13-013/165 т. коричневый;13-013/165 т. коричневый;коричневый
13-013/165 т. коричневый;13-013/165 т. коричневый;бежевый
13-013/165 т. коричневый;13-013/165 т. коричневый;многоцветный
13-013/30/165 т.коричневый-т.беж-беж;13-013/30/165 т.коричневый-т.беж-беж;коричневый
13-013/30/165 т.коричневый-т.беж-беж;13-013/30/165 т.коричневый-т.беж-беж;бежевый
13-013/30/165 т.коричневый-т.беж-беж;13-013/30/165 т.коричневый-т.беж-беж;многоцветный
13-0145 изумруд;13-0145 изумруд;зеленый
13-018/155/165 беж.-какао с мол.-св.беж;13-018/155/165 беж.-какао с мол.-св.беж;бежевый
13-018/155/165 беж.-какао с мол.-св.беж;13-018/155/165 беж.-какао с мол.-св.беж;белый
13-018/155/165 беж.-какао с мол.-св.беж;13-018/155/165 беж.-какао с мол.-св.беж;многоцветный
13-0189 т.синий;13-0189 т.синий;синий
13-02 серебро;13-02 серебро;серый
13-026 сирень;13-026 сирень;сирень
13-028 т.сирень;13-028 т.сирень;сирень
13-028 т.сирень;13-028 т.сирень;фиолетовый
13-028 т.сирень;13-028 т.сирень;сирень
13-028 т.сирень;13-028 т.сирень;фиолетовый
13-031 черный;13-031 черный;черный
13-031/01 черный;13-031/01 черный;черный
13-031/01 черный;13-031/01 черный;белый
13-031/01 черный;13-031/01 черный;многоцветный
13-031/181 черный;13-031/181 черный;черный
13-031/181 черный;13-031/181 черный;бежевый
13-031/181 черный;13-031/181 черный;многоцветный
13-04 св.коричневый;13-04 св.коричневый;бежевый
13-06 серый;13-06 серый;серый
13-07 антрацит;13-07 антрацит;черный
13-072 т.фиолетовый;13-072 т.фиолетовый;фиолетовый
13-08 черный;13-08 черный;черный
13-08/165 черный;13-08/165 черный;черный
13-08/165 черный;13-08/165 черный;бежевый
13-08/165 черный;13-08/165 черный;многоцветный
13-108 св. сирень;13-108 св. сирень;сирень
13-109 яркая сирень;13-109 яркая сирень;сирень
13-11 св.джинс;13-11 св.джинс;голубой
13-118 молоко;13-118 молоко;белый
13-120 черный;13-120 черный;черный
13-133 синий;13-133 синий;синий
13-145 фуксия;13-145 фуксия;фуксия
13-148 т.джинс;13-148 т.джинс;синий
13-153 коричневый;13-153 коричневый;коричневый
13-156 св.фуксия;13-156 св.фуксия;фуксия
13-156 св.фуксия;13-156 св.фуксия;розовый
13-156/48 св.фуксия-фуксия;13-156/48 св.фуксия-фуксия;фуксия
13-156/48 св.фуксия-фуксия;13-156/48 св.фуксия-фуксия;розовый
13-156/48 св.фуксия-фуксия;13-156/48 св.фуксия-фуксия;многоцветный
13-160/181 св. беж;13-160/181 св. беж;бежевый
13-160/181 св. беж;13-160/181 св. беж;многоцветный
13-165 беж.;13-165 беж.;бежевый
13-166 беж;13-166 беж;бежевый
13-169 т.роз.дымка;13-169 т.роз.дымка;розовый
13-17 коричневый;13-17 коричневый;коричневый
13-17/04/165 коричневый-св.коричневый-беж;13-17/04/165 коричневый-св.коричневый-беж;коричневый
13-17/04/165 коричневый-св.коричневый-беж;13-17/04/165 коричневый-св.коричневый-беж;бежевый
13-17/04/165 коричневый-св.коричневый-беж;13-17/04/165 коричневый-св.коричневый-беж;многоцветный
13-17/165 коричневый-беж;13-17/165 коричневый-беж;коричневый
13-17/165 коричневый-беж;13-17/165 коричневый-беж;бежевый
13-17/165 коричневый-беж;13-17/165 коричневый-беж;многоцветный
13-17/165 коричневый-св.беж;13-17/165 коричневый-св.беж;коричневый
13-17/165 коричневый-св.беж;13-17/165 коричневый-св.беж;бежевый
13-17/165 коричневый-св.беж;13-17/165 коричневый-св.беж;многоцветный
13-170 роз.дымка;13-170 роз.дымка;розовый
13-176 горчица;13-176 горчица;желтый
13-177 бл.коралл;13-177 бл.коралл;розовый
13-180 корица;13-180 корица;коричневый
13-181 терракот;13-181 терракот;оранжевый
13-181 терракот;13-181 терракот;коричневый
13-189/501 т.синий-белый;13-189/501 т.синий-белый;синий
13-189/501 т.синий-белый;13-189/501 т.синий-белый;белый
13-189/501 т.синий-белый;13-189/501 т.синий-белый;многоцветный
13-27 сирень;13-27 сирень;сирень
13-27/71 сирень;13-27/71 сирень;сирень
13-27/71 сирень;13-27/71 сирень;фиолетовый
13-27/71 сирень;13-27/71 сирень;многоцветный
13-30 т.беж;13-30 т.беж;бежевый
13-30/165/156/47 т.беж;13-30/165/156/47 т.беж;бежевый
13-30/165/156/47 т.беж;13-30/165/156/47 т.беж;розовый
13-30/165/156/47 т.беж;13-30/165/156/47 т.беж;многоцветный
13-31 т.изумруд;13-31 т.изумруд;зеленый
13-46 розовый;13-46 розовый;розовый
13-47 фуксия;13-47 фуксия;фуксия
13-48 фуксия;13-48 фуксия;фуксия
13-48/46 фуксия;13-48/46 фуксия;фуксия
13-48/46 фуксия;13-48/46 фуксия;розовый
13-48/46 фуксия;13-48/46 фуксия;многоцветный
13-501/012 белый-синий;13-501/012 белый-синий;белый
13-501/012 белый-синий;13-501/012 белый-синий;синий
13-501/012 белый-синий;13-501/012 белый-синий;многоцветный
13-70 т.розовый;13-70 т.розовый;розовый
13-71 баклажан;13-71 баклажан;фиолетовый
13-71/108 баклажан;13-71/108 баклажан;фиолетовый
13-71/108 баклажан;13-71/108 баклажан;многоцветный
13-71/48/27 баклажан-фуксия-сирень;13-71/48/27 баклажан-фуксия-сирень;фиолетовый
13-71/48/27 баклажан-фуксия-сирень;13-71/48/27 баклажан-фуксия-сирень;фуксия
13-71/48/27 баклажан-фуксия-сирень;13-71/48/27 баклажан-фуксия-сирень;сирень
13-71/48/27 баклажан-фуксия-сирень;13-71/48/27 баклажан-фуксия-сирень;многоцветный
13001 красный;13001 красный;красный
16-0104 белый;16-0104 белый;белый
16-0306 желтый;16-0306 желтый;желтый
16-18266 клевер;16-18266 клевер;розовый
16-18268 коралл;16-18268 коралл;красный
16-1905 мор.волна;16-1905 мор.волна;синий
16-3403 яр.сирень;16-3403 яр.сирень;сирень
16-990 черный;16-990 черный;черный
18 бордо;18 бордо;красный
19-070 черно-бел.;19-070 черно-бел.;черный
19-070 черно-бел.;19-070 черно-бел.;белый
19-070 черно-бел.;19-070 черно-бел.;многоцветный
19-151651 черно-желт;19-151651 черно-желт;черный
19-151651 черно-желт;19-151651 черно-желт;желтый
19-151651 черно-желт;19-151651 черно-желт;многоцветный
1905 изумруд;1905 изумруд;зеленый
1905 морск.волна;1905 морск.волна;синий
1997 т-беж.;1997 т-беж.;бежевый
2004 тем. серый;2004 тем. серый;серый
2015 св.-серый;2015 св.-серый;серый
21-033голубой;21-033голубой;голубой
21-31 зеленый;21-31 зеленый;зеленый
21-3302 розовый;21-3302 розовый;розовый
21-4541 хаки;21-4541 хаки;зеленый
21-87 т.беж;21-87 т.беж;бежевый
22 серый;22 серый;серый
22-10054 белый;22-10054 белый;белый
22-10201 молоко;22-10201 молоко;белый
23-10279 серый меланж;23-10279 серый меланж;серый
23-10279 серый меланж;23-10279 серый меланж;серый
23-10280 беж. меленж;23-10280 беж. меленж;бежевый
24-0110 черный;24-0110 черный;черный
24-0507 терракот.;24-0507 терракот.;оранжевый
24-1017 лен;24-1017 лен;бежевый
24-1018 джинс;24-1018 джинс;синий
24-27681 джинс;24-27681 джинс;синий
24-3002 голубой;24-3002 голубой;голубой
24-3002 голубой;24-3002 голубой;бирюзовый
24-3402 сирень;24-3402 сирень;сирень
24-3402 сирень;24-3402 сирень;розовый
24-3606 беж.;24-3606 беж.;бежевый
24-4008 терракот;24-4008 терракот;оранжевый
24-4301 чайная роза;24-4301 чайная роза;розовый
24-4303 брусника;24-4303 брусника;розовый
24-4316 ЛЕН;24-4316 ЛЕН;бежевый
24-4507 коралл;24-4507 коралл;красный
24-5009 бирюза;24-5009 бирюза;бирюзовый
24-5803 св.беж;24-5803 св.беж;бежевый
24-5906 коричневый;24-5906 коричневый;коричневый
24-5906/1 меланж.беж.;24-5906/1 меланж.беж.;бежевый
24-6603 серый;24-6603 серый;серый
2506 серый;2506 серый;серый
2510 т.серый;2510 т.серый;серый
26 джинс;26 джинс;синий
26 СLчерн.;26 СLчерн.;черный
2610 фиолет.-серый;2610 фиолет.-серый;серый
27-0110 черный;27-0110 черный;черный
27-0507 терракот;27-0507 терракот;оранжевый
27-2001 зеленый;27-2001 зеленый;зеленый
27-2001-40 зеленый;27-2001-40 зеленый;зеленый
27-2908 т.синий;27-2908 т.синий;синий
27-30.638 розовый;27-30.638 розовый;розовый
27-3002 голубой;27-3002 голубой;голубой
27-3402 сирень;27-3402 сирень;сирень
27-3606 беж;27-3606 беж;бежевый
27-4301 чайная роза;27-4301 чайная роза;розовый
27-4507 коралл;27-4507 коралл;красный
27-6603 серый;27-6603 серый;серый
2706 бирюза;2706 бирюза;бирюзовый
2709 морск. волна;2709 морск. волна;синий
29-04 св. коричневый;29-04 св. коричневый;бежевый
29-115 мел.жемчуг;29-115 мел.жемчуг;бежевый
29-122 серо-голубой;29-122 серо-голубой;голубой
29-122 серо-голубой;29-122 серо-голубой;серый
29-165 беж.;29-165 беж.;бежевый
29-166 т.маренго;29-166 т.маренго;серый
29-176 горчица;29-176 горчица;желтый
29-270 адмирал;29-270 адмирал;черный
29-270 адмирал;29-270 адмирал;синий
29-451 свет.натуральный;29-451 свет.натуральный;бежевый
29-464 мел.горный;29-464 мел.горный;коричневый
29-510 роз.дымка;29-510 роз.дымка;розовый
29-514 флокс;29-514 флокс;фуксия
29-517 камелия;29-517 камелия;розовый
29-560 сапфир;29-560 сапфир;сирень
29-562 виола;29-562 виола;сирень
29-70 т.розовый;29-70 т.розовый;розовый
29-997 морской;29-997 морской;зеленый
2906 синий;2906 синий;синий
30-108 т.синий;30-108 т.синий;черный
30-108 т.синий;30-108 т.синий;синий
30-11 светлая сирень;30-11 светлая сирень;сирень
30-111 горчица;30-111 горчица;желтый
30-112 кофе с молоком;30-112 кофе с молоком;коричневый
30-12 т.-голубой;30-12 т.-голубой;голубой
30-16 омаровый;30-16 омаровый;розовый
30-17 розовый;30-17 розовый;розовый
30-18 клевер;30-18 клевер;розовый
30-19 ярко-розовый;30-19 ярко-розовый;розовый
30-191 серый;30-191 серый;серый
30-20 красный;30-20 красный;красный
30-208 мел. полос.;30-208 мел. полос.;синий
30-208 мел. полос.;30-208 мел. полос.;белый
30-208 мел. полос.;30-208 мел. полос.;многоцветный
30-209 сред. полос;30-209 сред. полос;синий
30-209 сред. полос;30-209 сред. полос;белый
30-209 сред. полос;30-209 сред. полос;многоцветный
30-210 круп. полоска;30-210 круп. полоска;синий
30-210 круп. полоска;30-210 круп. полоска;белый
30-210 круп. полоска;30-210 круп. полоска;многоцветный
30-215 мелкая полоска из син. и гол. коралл;30-215 мелкая полоска из син. и гол. коралл;синий
30-215 мелкая полоска из син. и гол. коралл;30-215 мелкая полоска из син. и гол. коралл;голубой
30-215 мелкая полоска из син. и гол. коралл;30-215 мелкая полоска из син. и гол. коралл;белый
30-215 мелкая полоска из син. и гол. коралл;30-215 мелкая полоска из син. и гол. коралл;красный
30-215 мелкая полоска из син. и гол. коралл;30-215 мелкая полоска из син. и гол. коралл;многоцветный
30-216 корал.бабочки;30-216 корал.бабочки;синий
30-216 корал.бабочки;30-216 корал.бабочки;голубой
30-216 корал.бабочки;30-216 корал.бабочки;белый
30-216 корал.бабочки;30-216 корал.бабочки;красный
30-216 корал.бабочки;30-216 корал.бабочки;многоцветный
30-217 мелкая полоска;30-217 мелкая полоска;синий
30-217 мелкая полоска;30-217 мелкая полоска;белый
30-217 мелкая полоска;30-217 мелкая полоска;многоцветный
30-218 син.-бел. полоска;30-218 син.-бел. полоска;синий
30-218 син.-бел. полоска;30-218 син.-бел. полоска;белый
30-218 син.-бел. полоска;30-218 син.-бел. полоска;многоцветный
30-219 коралл;30-219 коралл;красный
30-219 коралл;30-219 коралл;красный
30-22 баклажан;30-22 баклажан;фиолетовый
30-220 ментол;30-220 ментол;зеленый
30-221 коралл/м.белый;30-221 коралл/м.белый;белый
30-221 коралл/м.белый;30-221 коралл/м.белый;синий
30-221 коралл/м.белый;30-221 коралл/м.белый;красный
30-221 коралл/м.белый;30-221 коралл/м.белый;многоцветный
30-222 ментол/м.белый;30-222 ментол/м.белый;белый
30-222 ментол/м.белый;30-222 ментол/м.белый;синий
30-222 ментол/м.белый;30-222 ментол/м.белый;зеленый
30-222 ментол/м.белый;30-222 ментол/м.белый;многоцветный
30-223 коралл/белый;30-223 коралл/белый;белый
30-223 коралл/белый;30-223 коралл/белый;синий
30-223 коралл/белый;30-223 коралл/белый;красный
30-223 коралл/белый;30-223 коралл/белый;многоцветный
30-224 ментол/белый;30-224 ментол/белый;белый
30-224 ментол/белый;30-224 ментол/белый;синий
30-224 ментол/белый;30-224 ментол/белый;зеленый
30-224 ментол/белый;30-224 ментол/белый;многоцветный
30-225 серо-коралл-синий;30-225 серо-коралл-синий;серый
30-225 серо-коралл-синий;30-225 серо-коралл-синий;синий
30-225 серо-коралл-синий;30-225 серо-коралл-синий;красный
30-225 серо-коралл-синий;30-225 серо-коралл-синий;многоцветный
30-226 бабочки/ментол;30-226 бабочки/ментол;белый
30-226 бабочки/ментол;30-226 бабочки/ментол;синий
30-226 бабочки/ментол;30-226 бабочки/ментол;зеленый
30-226 бабочки/ментол;30-226 бабочки/ментол;многоцветный
30-228 ирисы желтые;30-228 ирисы желтые;желтый
30-228 ирисы желтые;30-228 ирисы желтые;оранжевый
30-228 ирисы желтые;30-228 ирисы желтые;голубой
30-228 ирисы желтые;30-228 ирисы желтые;многоцветный
30-229 цветы купон синие;30-229 цветы купон синие;голубой
30-229 цветы купон синие;30-229 цветы купон синие;белый
30-229 цветы купон синие;30-229 цветы купон синие;красный
30-229 цветы купон синие;30-229 цветы купон синие;многоцветный
30-230 цветы купон зеленые;30-230 цветы купон зеленые;зеленый
30-230 цветы купон зеленые;30-230 цветы купон зеленые;серый
30-230 цветы купон зеленые;30-230 цветы купон зеленые;белый
30-230 цветы купон зеленые;30-230 цветы купон зеленые;красный
30-230 цветы купон зеленые;30-230 цветы купон зеленые;многоцветный
30-231 полоска с цветком;30-231 полоска с цветком;синий
30-231 полоска с цветком;30-231 полоска с цветком;белый
30-231 полоска с цветком;30-231 полоска с цветком;розовый
30-231 полоска с цветком;30-231 полоска с цветком;многоцветный
30-232 горох/ажур;30-232 горох/ажур;синий
30-232 горох/ажур;30-232 горох/ажур;белый
30-232 горох/ажур;30-232 горох/ажур;многоцветный
30-234 сине-беж ажур;30-234 сине-беж ажур;синий
30-234 сине-беж ажур;30-234 сине-беж ажур;бежевый
30-234 сине-беж ажур;30-234 сине-беж ажур;белый
30-234 сине-беж ажур;30-234 сине-беж ажур;многоцветный
30-235 сине-мент. ажур;30-235 сине-мент. ажур;синий
30-235 сине-мент. ажур;30-235 сине-мент. ажур;зеленый
30-235 сине-мент. ажур;30-235 сине-мент. ажур;белый
30-235 сине-мент. ажур;30-235 сине-мент. ажур;многоцветный
30-236 сине-красн. ажур;30-236 сине-красн. ажур;синий
30-236 сине-красн. ажур;30-236 сине-красн. ажур;красный
30-236 сине-красн. ажур;30-236 сине-красн. ажур;белый
30-236 сине-красн. ажур;30-236 сине-красн. ажур;многоцветный
30-237 сирен.гвоздика;30-237 сирен.гвоздика;белый
30-237 сирен.гвоздика;30-237 сирен.гвоздика;фиолетовый
30-237 сирен.гвоздика;30-237 сирен.гвоздика;многоцветный
30-238 син.гвоздика;30-238 син.гвоздика;белый
30-238 син.гвоздика;30-238 син.гвоздика;синий
30-238 син.гвоздика;30-238 син.гвоздика;многоцветный
30-239 мелкий цветок;30-239 мелкий цветок;белый
30-239 мелкий цветок;30-239 мелкий цветок;розовый
30-239 мелкий цветок;30-239 мелкий цветок;многоцветный
30-24 коричневый;30-24 коричневый;коричневый
30-240 сирень.огурцы;30-240 сирень.огурцы;сирень
30-240 сирень.огурцы;30-240 сирень.огурцы;розовый
30-240 сирень.огурцы;30-240 сирень.огурцы;коричневый
30-240 сирень.огурцы;30-240 сирень.огурцы;многоцветный
30-241 фиалка;30-241 фиалка;сирень
30-241 фиалка;30-241 фиалка;белый
30-241 фиалка;30-241 фиалка;многоцветный
30-242 ирисы сирень;30-242 ирисы сирень;розовый
30-242 ирисы сирень;30-242 ирисы сирень;красный
30-242 ирисы сирень;30-242 ирисы сирень;голубой
30-242 ирисы сирень;30-242 ирисы сирень;белый
30-242 ирисы сирень;30-242 ирисы сирень;многоцветный
30-25 т.-синий;30-25 т.-синий;синий
30-26 черный;30-26 черный;черный
30-28 мол.каштан;30-28 мол.каштан;коричневый
30-31 джинс;30-31 джинс;синий
30-36 св.голубой;30-36 св.голубой;голубой
30-37 фисташка;30-37 фисташка;зеленый
30-40 бирюза;30-40 бирюза;бирюзовый
30-42 ярко-желт.;30-42 ярко-желт.;желтый
30-43 т.серый;30-43 т.серый;серый
30-47 василёк;30-47 василёк;синий
30-51 фиолет.;30-51 фиолет.;фиолетовый
30-514 флокс;30-514 флокс;фуксия
30-53 буро-оранж.;30-53 буро-оранж.;оранжевый
30-53 терракотовый;30-53 терракотовый;оранжевый
30-56 зеленый;30-56 зеленый;зеленый
30-59 т.зеленый;30-59 т.зеленый;зеленый
30-60 оранж;30-60 оранж;оранжевый
30-61 сирень;30-61 сирень;сирень
30-63 ярко-зеленый;30-63 ярко-зеленый;зеленый
30-65 лиловый;30-65 лиловый;сирень
30-7 оливковый;30-7 оливковый;зеленый
30-71 коралл;30-71 коралл;красный
30-72 белый;30-72 белый;белый
30-73 синий;30-73 синий;синий
30-74 малиновый;30-74 малиновый;красный
30-77 баклажан;30-77 баклажан;фиолетовый
30-82 т.малина;30-82 т.малина;красный
30-85 персик;30-85 персик;оранжевый
30-89 орхидея;30-89 орхидея;сирень
30-89 орхидея;30-89 орхидея;розовый
30-90 молоко;30-90 молоко;белый
30-96 ярко голубой;30-96 ярко голубой;голубой
30-97 серый;30-97 серый;серый
30-98 св.серый;30-98 св.серый;серый
30-99 вишня;30-99 вишня;красный
42 т.асфальт;42 т.асфальт;черный
503 шампань;503 шампань;бежевый
5203 синий;5203 синий;синий
5207 т.синий;5207 т.синий;синий
6010 корица;6010 корица;коричневый
7005 серый;7005 серый;серый
8569 молоко;8569 молоко;белый
8570 св-сер. меланж;8570 св-сер. меланж;серый
9500 черный;9500 черный;черный
коралл;коралл;красный
коралл;коралл;красный
крем-т.синий;крем-т.синий;бежевый
крем-т.синий;крем-т.синий;синий
крем-т.синий;крем-т.синий;многоцветный
крем.-коралл;крем.-коралл;бежевый
крем.-коралл;крем.-коралл;красный
крем.-коралл;крем.-коралл;многоцветный
мята;мята;бирюзовый
св.горчица;св.горчица;желтый
св.салатовый;св.салатовый;зеленый
св.салатовый-крем.;св.салатовый-крем.;бежевый
св.салатовый-крем.;св.салатовый-крем.;зеленый
св.салатовый-крем.;св.салатовый-крем.;многоцветный
серый;серый;серый
т.горчица;т.горчица;желтый
т.синий-крем;т.синий-крем;бежевый
т.синий-крем;т.синий-крем;синий
т.синий-крем;т.синий-крем;многоцветный
чайная роза;чайная роза;розовый
чайная роза-крем.;чайная роза-крем.;розовый