;;не указан
;Блуза ВК-20;
;Блуза ВК-25;
;Блуза ВК-36;
;Блуза ВК-53;
;Джемпер ВК-04;
;Джемпер жен. 4000;
;Джемпер жен. 4002;
;Джемпер жен. 4003;
;Джемпер жен. 4009;
;Джемпер жен. 4014;
;Джемпер жен. 4018;
;Джемпер жен. 673;
;Джемпер жен. 783;
;Джемпер жен. 9505;
;Джемпер жен. 978;
;Жакет жен. 1012;
;Жакет жен. 1017;
;Жакет жен. 1034;
;Жакет жен. 1048;
;Жакет жен. 1055;
;Жакет жен. 1056;
;Жакет жен. 1062;
;Жакет жен. 1065;
;Жакет жен. 1066;
;Жакет жен. 1071;
;Жакет жен. 1072;
;Жакет жен. 1076;
;Жакет жен. 1077;
;Жакет жен. 1078;
;Жакет жен. 1079;
;Жакет жен. 1083;
;Жакет жен. 1084;
;Жакет жен. 1086;
;Жакет жен. 1092;
;Жакет жен. 1097;
;Жакет жен. 1098;
;Жакет жен. 1099;
;Жакет жен. 1100;
;Жакет жен. 1102;
;Жакет жен. 1117;
;Жакет жен. 1124;
;Жакет жен. 278;
;Жакет жен. 466;
;Жакет жен. 511;
;Жакет жен. 572;
;Жакет жен. 583;
;Жакет жен. 602;
;Жакет жен. 603;
;Жакет жен. 637;
;Жакет жен. 685;
;Жакет жен. 906;
;Жилет жен. 1040;
;Жилет жен. 1041;
;Жилет жен. 1042;
;Платье жен. 2007;
;Платье жен. 2010;
;Платье жен. 2015;
;Платье жен. 2018;
;Платье жен. 2021;
;Платье жен. 2024;
;Платье жен. 2029;
;Платье жен. 2031;
;Платье жен. 532;
;Платье жен. 735;
;Платье жен. 736;
;Платье жен. 740;
;Платье жен. 778;
;Платье жен. 9003;
;Платье жен. 931;
;Платье жен. 935;
;Платье жен. 936;
;Платье жен. 960;
;;
;001 молоко;белый
;Жакет жен. 780;
;Жакет жен. 781;
;;
;01-01/07 белый;белый, серый, многоцветный
;Жакет жен. 952;
;;
;01-06 св. серый;серый
;Платье жен. 970;
;;
;01-06/08/01/07 св.серый;серый, черный, белый, многоцветный
;Джемпер жен. 985;
;;
;01-06/22 св.серый;серый, многоцветный
;Жакет жен. 952;
;Платье жен. 949;
;;
;01-06/22/01 св.серый;серый, белый, многоцветный
;Джемпер жен. 997;
;;
;01-06/27/22 св.серый;серый, розовый, белый, многоцветный
;Платье жен. 949;
;;
;01-07/01/08 серый;серый, белый, черный, многоцветный
;Платье жен. 956;
;;
;01-07/08/06/01 серый;серый, черный, белый, многоцветный
;Платье жен. 955;
;Платье жен. 963;
;Платье жен. 964;
;;
;01-08/01/07/06 черный-белый-серый-св.серый;черный, белый, серый, многоцветный
;Платье жен. 9008;
;;
;01-08/06/28 черный-св.серый-клевер;черный, серый, розовый, многоцветный
;Платье жен. 950;
;;
;01-08/17 черный;черный, бежевый, многоцветный
;Жакет жен. 952;
;;
;01-08/19/33 черный;черный, коричневый, бежевый, многоцветный
;Платье жен. 955;
;;
;01-08/22/06/01 черный;черный, розовый, серый, белый, многоцветный
;Джемпер жен. 987;
;;
;01-08/28/07 черный;черный, розовый, серый, многоцветный
;Платье жен. 956;
;;
;01-08/28/33 черный-клевер-св.коричневый;черный, розовый, коричневый, многоцветный
;Платье жен. 949;
;;
;01-17/21/02 т. беж;бежевый, коричневый, белый, многоцветный
;Джемпер жен. 984;
;;
;01-17/21/02/34 т. беж-шоколад-молочный-т.коричневый;бежевый, коричневый, белый, многоцветный
;Джемпер жен. 9015;
;Джемпер жен. 985;
;;
;01-19/06/22 св.коричневый;коричневый, серый, многоцветный
;Жакет жен. 953;
;;
;01-21/02/34/19 шоколад-молочный-т.коричневый-св.коричневый;коричневый, белый, бежевый, многоцветный
;Платье жен. 9008;
;;
;01-21/07/17/02 шоколад;коричневый,  серый, бежевый, белый, многоцветный
;Жакет жен. 954;
;;
;01-21/17/07 т.шоколад;коричневый, бежевый, серый, многоцветный
;Жакет жен. 953;
;;
;01-21/34/17/02 шоколад;коричневый, бежевый, белый, многоцветный
;Джемпер жен. 987;
;Платье жен. 962;
;;
;01-22 т.серый;серый
;Платье жен. 970;
;;
;01-22/06 т.серый;серый, многоцветный
;Жакет жен. 952;
;;
;01-22/06/01 т.серый;серый, белый, многоцветный
;Джемпер жен. 981;
;;
;01-22/06/19 т.серый;серый, коричневый, многоцветный
;Жакет жен. 951;
;;
;01-22/08/07/01 т.серый;серый, черный, белый, многоцветный
;Платье жен. 962;
;;
;01-22/08/07/06 т.серый;серый, черный, многоцветный
;Платье жен. 964;
;;
;01-22/27/06 т.серый;серый, розовый, многоцветный
;Платье жен. 949;
;;
;01-22/28/06 т. серый;серый, розовый, многоцветный
;Джемпер жен. 984;
;Платье жен. 949;
;;
;01-22/28/06/27 т. серый-клевер-св.серый;серый, розовый, многоцветный
;Джемпер жен. 9015;
;;
;01-28/40/01 клевер;розовый, фиолетовый, белый, многоцветный
;Джемпер жен. 997;
;;
;01-33/34/21 св.коричневый;бежевый, коричневый, многоцветный
;Жакет жен. 951;
;;
;01-34/08/17/02 т.коричневый;коричневый, черный, бежевый, белый, многоцветный
;Платье жен. 963;
;;
;01-34/17/02 т.коричневый;коричневый, бежевый, белый, многоцветный
;Джемпер жен. 981;
;;
;01-34/21/17/02 т.коричневый;коричневый, бежевый, белый, многоцветный
;Джемпер жен. 982;
;Джемпер жен. 983;
;;
;01-34/21/19/02т.коричневый;коричневый, белый, многоцветный
;Платье жен. 962;
;;
;01-34/21/33/02 т.коричневый;коричневый, бежевый, белый, многоцветный
;Платье жен. 964;
;;
;01-34/33/08 темн.коричневый-черный;коричневый, черный, многоцветный
;Жакет жен. 953;
;;
;01-34/33/21 темн.коричневый-шоколад;коричневый, бежевый, многоцветный
;Жакет жен. 953;
;Платье жен. 950;
;;
;01-37/06/19 джинс-св.серый-св.коричневый;синий, серый, коричневый, многоцветный
;Жакет жен. 951;
;Платье жен. 950;
;;
;01-37/06/22 джинс-св.серый-т.серый;синий, серый, многоцветный
;Жакет жен. 951;
;;
;01-37/07/19 джинс-серый-св.коричневый;синий, серый, коричневый, многоцветный
;Жакет жен. 951;
;;
;01-37/08/06/01 джинс;синий, серый, коричневый, многоцветный
;Джемпер жен. 982;
;;
;01-39/28 фиолет.;фиолетовый, розовый, многоцветный
;Жакет жен. 952;
;;
;01-39/28/08 фиолет;фиолетовый, розовый, черный, многоцветный
;Платье жен. 956;
;;
;01-40/08/28/01баклажан;фиолетовый, черный, розовый, белый, многоцветный
;Джемпер жен. 983;
;;
;01-40/08/28/02 баклажан;фиолетовый, черный, розовый, белый, многоцветный
;Платье жен. 963;
;;
;01-40/28/01 баклажан;фиолетовый, розовый, белый, многоцветный
;Джемпер жен. 981;
;;
;01-40/28/06 баклажан;фиолетовый, розовый, серый, многоцветный
;Платье жен. 949;
;;
;01-40/28/08 баклажан;фиолетовый, розовый, черный, многоцветный
;Платье жен. 950;
;;
;0104 мол.;белый
;Жакет жен. 906;
;;
;015 KV серый;серый
;Жакет жен. 711;
;;
;018 черн.;черный
;Джемпер жен. 688;
;;
;02 беж.;бежевый
;Жакет жен. 489;
;;
;02-002 Серый;серый
;Джемпер жен. 675;
;Жакет жен. 1024;
;Жакет жен. 1026;
;;
;02-002/0701/2908 серый;серый, многоцветный
;Жакет жен. 1037;
;;
;02-002/0701/2908/036 серый;серый, многоцветный
;Жакет жен. 1037;
;;
;02-003 молочный;белый
;Джемпер жен. 4048;
;Жакет жен. 1030;
;;
;02-007 коричневый;коричневый
;Жакет жен. 1024;
;Жакет жен. 1026;
;;
;02-007/019/042 коричневый;коричневый, бежевый, многоцветный
;Платье жен. 2019;
;;
;02-007/154/8569 коричневый-т.беж.-молочный;коричневый, бежевый, белый, многоцветный
;Платье жен. 2019;
;;
;02-008 бежевый;бежевый
;Жакет жен. 1011;
;Жакет жен. 1016;
;Жакет жен. 1024;
;;
;02-011 сине-серый;синий
;Жакет жен. 1011;
;Жакет жен. 1012;
;Жакет жен. 1017;
;Жакет жен. 1024;
;Жакет жен. 1030;
;Жакет жен. 1062;
;Жакет жен. 1085;
;Жакет жен. 780;
;Платье жен. 2032;
;Платье жен. 751;
;;
;02-011/008/036  сине-серый;синий, бежевый, коричневый, многоцветный
;Жакет жен. 1037;
;;
;02-012 фиолетово-серый;фиолетовый
;Жакет жен. 1002;
;Жакет жен. 1003;
;Жакет жен. 1014;
;Жакет жен. 1015;
;Жакет жен. 1016;
;Жакет жен. 1030;
;Жакет жен. 1062;
;Жакет жен. 1076;
;Жакет жен. 1085;
;Жакет жен. 1100;
;Жакет жен. 704;
;Жакет жен. 705;
;Жакет жен. 710;
;;
;02-012/008/036 фиолетово-серый;фиолетовый, бежевый, коричневый, многоцветный
;Жакет жен. 1037;
;;
;02-019 светло-коричневый;бежевый
;Жакет жен. 1014;
;;
;02-020 бледная сирень;розовый, фиолетовый
;Жакет жен. 1014;
;Жакет жен. 1015;
;Жакет жен. 1016;
;Жакет жен. 1026;
;Жакет жен. 1030;
;Жакет жен. 1062;
;Жакет жен. 1076;
;Жакет жен. 1100;
;Жакет жен. 705;
;Платье жен. 751;
;;
;02-020/008/036 бледная сирень;розовый, бежевый, коричневый, многоцветный
;Жакет жен. 1037;
;;
;02-020/011/036 бледная сирень;розовый, синий, коричневый, многоцветный
;Жакет жен. 1037;
;;
;02-03 антрацит;черный
;Жакет жен. 710;
;Жакет жен. 711;
;Жакет жен. 712;
;;
;02-036 светло-серый;серый
;Жакет жен. 1015;
;Жакет жен. 1017;
;Жакет жен. 705;
;Жакет жен. 710;
;;
;02-038 темно-серый;серый
;Жакет жен. 704;
;Жакет жен. 710;
;Жакет жен. 728;
;Платье жен. 751;
;;
;02-042 бледно бежевый;бежевый
;Джемпер жен. 4048;
;Жакет жен. 1012;
;Жакет жен. 1014;
;Жакет жен. 1015;
;Жакет жен. 1026;
;Жакет жен. 1062;
;;
;02-043 антрацит;черный
;Жакет жен. 1014;
;Жакет жен. 1017;
;;
;02-043/038/003 антрацит-молочный;черный, серый, бежевый, многоцветный
;Платье жен. 2019;
;;
;02-043/038/036 антрацит-св.серый;черный, серый, коричневый, многоцветный
;Платье жен. 2019;
;;
;02-043/038/051 антрацит;черный, серый, многоцветный
;Платье жен. 2019;
;;
;02-049 персик;оранжевый, 
;Жакет жен. 1073;
;Жакет жен. 1074;
;;
;02-051 Молочный шоколад;бежевый
;Жакет жен. 1002;
;Жакет жен. 1012;
;Жакет жен. 1016;
;Жакет жен. 1017;
;Жакет жен. 1076;
;Жакет жен. 1100;
;Жакет жен. 704;
;Жакет жен. 705;
;Платье жен. 751;
;;
;02-0701 сир.-роз.;фуксия
;Жакет жен. 700;
;;
;02-0701 фуксия;фуксия
;Джемпер жен. 759;
;Жакет жен. 713;
;Юбка дл. 757;
;;
;02-19/003 светло-коричневый;коричневый, белый, многоцветный
;Жакет жен. 1022;
;;
;02-2701/2908 фуксия;фуксия
;Жакет жен. 700;
;Жакет жен. 704;
;Юбка дл. 757;
;Юбка кор. 756;
;;
;02-2706/2908 мор. волна;бирюзовый 
;Юбка дл. 757;
;Юбка кор. 756;
;;
;02-3101/2908 джинс.-сер.;синий
;Жакет жен. 711;
;;
;02-3101/2908/002 джинс.-сер.;синий, серый, многоцветный
;Жакет жен. 1037;
;;
;02-3302 фиол.-сер.;фиолетовый, серый
;Жакет жен. 700;
;Жакет жен. 711;
;;
;02-3302/9500 фиол.-сер.;фиолетовый
;Жакет жен. 700;
;Жакет жен. 705;
;Жакет жен. 781;
;Платье жен. 751;
;;
;02-38 т.серый;серый
;Жакет жен. 1024;
;;
;02-38/003 темн-серый;
;Жакет жен. 1022;
;;
;02-75 серый;серый
;Джемпер жен. 759;
;Жакет жен. 704;
;Жакет жен. 711;
;;
;02-8570 св.серый;серый
;Джемпер жен. 759;
;;
;02-8851 св.фиолетовый;фиолетовый
;Жакет жен. 709;
;;
;02-990 черный;черный
;Жакет жен. 1079;
;Жакет жен. 1085;
;;
;03-01 молочный;белый
;Джемпер жен. 4001;
;Джемпер жен. 4016;
;Джемпер жен. 4075;
;Джемпер жен. 782;
;Жакет жен. 1170;
;Жакет жен. 458;
;Жакет жен. 654;
;Жакет жен. 711;
;Жакет жен. 800;
;Платье жен. 2057;
;Платье жен. 730;
;;
;03-01/02 молочный;белый, черный, многоцветный
;Джемпер жен. 783;
;Жакет жен. 1034;
;;
;03-01/07/77/077 т.беж-какао с мол.-молочный;белый, бежевый, многоцветный
;Джемпер жен. 4003;
;;
;03-01/10/75/02 молочный-розовый;белый, розовый, серый, черный, многоцветный
;Джемпер жен. 4013;
;;
;03-01/335 молочный-олива;белый, зеленый, многоцветный
;Джемпер жен. 4079;
;;
;03-01/60/50 молочный;белый, фуксия, фиолетовый, многоцветный
;Джемпер жен. 4012;
;;
;03-01/75/02/60 молочный;белый, серый, черный, фуксия, многоцветный
;Джемпер жен. 4014;
;;
;03-011 св.джинс;синий
;Жакет жен. 1151;
;;
;03-02 т.серый;черный
;Джемпер жен. 4016;
;Джемпер жен. 668;
;Джемпер жен. 682;
;Джемпер жен. 760;
;Джемпер жен. 782;
;Джемпер жен. 786;
;Джемпер жен. 787;
;Джемпер жен. 788;
;Джемпер жен. 789;
;Джемпер жен. 790;
;Жакет жен. 458;
;Жакет жен. 738;
;Жакет жен. 800;
;Жилет жен. 1042;
;Костюм жен. 774;
;Платье жен. 2003;
;Платье жен. 2015;
;Платье жен. 2022;
;Платье жен. 734;
;Платье жен. 736;
;Платье жен. 752;
;;
;03-02/01 т.серый-молочный;черный, белый, многоцветный
;Жакет жен. 1034;
;Жакет жен. 1080;
;Жакет жен. 1117;
;Жилет жен. 1127;
;Платье жен. 2052;
;Платье жен. 2053;
;;
;03-02/01/8573/75 т.серый-молочный-сирень-серый;черный, белый, сирень, серый, многоцветный
;Жакет жен. 1131;
;;
;03-02/04/67 т. серый;черный, серый, белый, многоцветный
;Джемпер жен. 4018;
;;
;03-02/31 т.серый;черный, серый, многоцветный
;Джемпер жен. 4020;
;;
;03-02/75/01 т.серый;черный, серый, белый, многоцветный
;Джемпер жен. 4003;
;Платье жен. 2019;
;Платье жен. 2024;
;;
;03-02/75/01/10 т.серый;черный, серый, белый, розовый, многоцветный
;Джемпер жен. 4014;
;;
;03-02/75/31 т. серый;черный, серый, многоцветный
;Платье жен. 2010;
;Платье жен. 2019;
;Платье жен. 2021;
;;
;03-03 антрацит;черный
;Платье жен. 751;
;;
;03-04 серый;серый
;Джемпер жен. 672;
;Джемпер жен. 787;
;Жакет жен. 1074;
;Жакет жен. 1084;
;Жакет жен. 1092;
;Жакет жен. 693;
;Жакет жен. 754;
;Платье жен. 2003;
;Платье жен. 721;
;Платье жен. 734;
;Платье жен. 736;
;Платье жен. 761;
;Платье жен. 778;
;;
;03-04/01/02 серый-молочный;серый, белый, черный, многоцветный
;Джемпер жен. 4002;
;;
;03-04/02 серый;серый, черный, многоцветный
;Жакет жен. 1118;
;;
;03-04/31/02 серый-св.серый;серый, черный, многоцветный
;Джемпер жен. 4002;
;;
;03-06 св. коричневый;бежевый
;Жакет жен. 1024;
;;
;03-07 какао с молоком;бежевый
;Джемпер жен. 4022;
;Джемпер жен. 4023;
;Джемпер жен. 4048;
;Джемпер жен. 4050;
;Джемпер жен. 4057;
;Джемпер жен. 4058;
;Джемпер жен. 4067;
;Джемпер жен. 4075;
;Джемпер жен. 782;
;Джемпер жен. 786;
;Джемпер жен. 787;
;Жакет жен. 1020;
;Жакет жен. 1024;
;Жакет жен. 1073;
;Жакет жен. 1074;
;Жакет жен. 1076;
;Жакет жен. 1092;
;Жакет жен. 1096;
;Жакет жен. 1097;
;Жакет жен. 1098;
;Жакет жен. 1099;
;Жакет жен. 1129;
;Жакет жен. 1154;
;Жакет жен. 1165;
;Жакет жен. 1166;
;Жакет жен. 738;
;Жакет жен. 780;
;Жилет жен. 1041;
;Жилет жен. 1042;
;Жилет жен. 1173;
;Жилет жен. 792;
;Платье жен. 2004;
;Платье жен. 2005;
;Платье жен. 2055;
;Платье жен. 729;
;Платье жен. 761;
;Платье жен. 778;
;;
;03-07/01 какао с молоком-молочный;бежевый, белый, многоцветный
;Джемпер жен. 4028;
;;
;03-07/01/10/36 св.беж-молочный-розовый-коричневый;бежевый, белый, розовый, коричневый, многоцветный
;Джемпер жен. 4043;
;;
;03-07/12/01/44 св.беж-св.фиолет.-молочный-антрацит меланж;бежевый, фиолетовый, белый, черный, многоцветный
;Платье жен. 2043;
;;
;03-07/36 св. бежевый;бежевый, коричневый, многоцветный
;Джемпер жен. 4004;
;;
;03-07/60/54 св.беж;бежевый, фиолетовый, фуксия, многоцветный
;Жакет жен. 1037;
;;
;03-07/77/50/01 св.беж-т.беж-фиолет.-молочный;бежевый, фиолетовый, белый, многоцветный
;Платье жен. 2043;
;;
;03-07/78/01/02 св.беж-роз.меланж-молочный-т.серый;бежевый, фуксия, белый, черный, многоцветный
;Платье жен. 2043;
;;
;03-100 песочный;коричневый, бежевый
;Джемпер жен. 787;
;Платье жен. 734;
;Платье жен. 742;
;;
;03-104 т.роз.меланж;фиолетовый
;Жакет жен. 1073;
;;
;03-104/01/27 сир.-меланж;фиолетовый, белый, сирень, многоцветный
;Джемпер жен. 4026;
;;
;03-12 св.фиолетовый;фиолетовый
;Джемпер жен. 4067;
;Платье жен. 721;
;;
;03-12/01 св. фиолетовый-молочный;фиолетовый, белый, многоцветный
;Платье жен. 2053;
;;
;03-12/01/10/50 св.фиолетовый-молочный-розовый-фиолетовый;фиолетовый, белый, розовый, многоцветный
;Джемпер жен. 4043;
;;
;03-123 изумруд;бирюзовый, зеленый
;Джемпер жен. 4015;
;Джемпер жен. 4025;
;Джемпер жен. 4029;
;Жакет жен. 1014;
;Жакет жен. 1016;
;Жакет жен. 1017;
;Жакет жен. 1098;
;Жакет жен. 701;
;Жакет жен. 738;
;Жакет жен. 800;
;;
;03-126 т.сирень;сирень, фиолетовый
;Джемпер жен. 4025;
;Джемпер жен. 4029;
;Джемпер жен. 4041;
;Джемпер жен. 4050;
;Джемпер жен. 4053;
;Джемпер жен. 4055;
;Жакет жен. 1012;
;Жакет жен. 1076;
;Жакет жен. 1098;
;Жакет жен. 1099;
;Платье жен. 2055;
;;
;03-127 нефрит;зеленый
;Джемпер жен. 4067;
;Джемпер жен. 4075;
;Жакет жен. 1170;
;;
;03-127/01 зеленый-молоко;зеленый, белый, многоцветный
;Джемпер жен. 4070;
;;
;03-131 т.розовый;розовый
;Жакет жен. 1073;
;;
;03-133 св. беж-т.беж;бежевый
;Джемпер жен. 4022;
;Джемпер жен. 4025;
;Джемпер жен. 4027;
;Джемпер жен. 4029;
;Джемпер жен. 4048;
;Джемпер жен. 4057;
;Жакет жен. 1012;
;Жакет жен. 1073;
;Жакет жен. 1075;
;Жакет жен. 1076;
;Жакет жен. 1084;
;Жакет жен. 1092;
;Жакет жен. 1093;
;Жакет жен. 1096;
;Жакет жен. 1097;
;Жакет жен. 1099;
;Жилет жен. 1121;
;;
;03-133/07 св.беж-какао с молоком;бежевый, многоцветный
;Джемпер жен. 4044;
;;
;03-133/36/77 св. беж;бежевый, коричневый, многоцветный
;Джемпер жен. 4012;
;;
;03-133/75/02/104 св.беж;бежевый, серый, черный, многоцветный
;Джемпер жен. 4014;
;;
;03-133/77 св. беж-т.беж;бежевый, коричневый, многоцветный
;Джемпер жен. 4047;
;Жакет жен. 1095 (с карманами);
;Жакет жен. 1115;
;Жакет жен. 1167 (без карманов);
;;
;03-133/77 св. беж-т.беж;бежевый, коричневый, многоцветный
;Жакет жен. 1167 (без карманов);
;;
;03-136 сирень;сирень, фиолетовый
;Жакет жен. 1012;
;Жакет жен. 1062;
;Жакет жен. 1076;
;;
;03-139 т. голубой;голубой, синий
;Жакет жен. 1012;
;Жакет жен. 1076;
;Жакет жен. 701;
;Жакет жен. 705;
;;
;03-155 какао с молоком;бежевый
;Джемпер жен. 4084;
;;
;03-165 св.беж;бежевый
;Джемпер жен. 4071;
;;
;03-169 чайная роза;розовый
;Джемпер жен. 4075;
;;
;03-180 терракот.;коричневый, оранжевый
;Платье жен. 2056;
;;
;03-187 бл.сирень;сирень
;Жакет жен. 1151;
;;
;03-189 т.коричневый;коричневый
;Платье жен. 2057;
;;
;03-19 т.олива;зеленый
;Платье жен. 735;
;;
;03-21 борд.-крас. меланж;красный
;Джемпер жен. 672;
;Платье жен. 735;
;;
;03-23 терракот;коричневый, оранжевый
;Жакет жен. 1096;
;Жакет жен. 1097;
;;
;03-257 фиолет.сер.;фиолетовый
;Джемпер жен. 4069;
;Жакет жен. 1148;
;Жакет жен. 1152;
;;
;03-27 сирень;сирень, розовый
;Джемпер жен. 4001;
;Джемпер жен. 4049;
;Жакет жен. 1096;
;Жакет жен. 1098;
;Жакет жен. 1099;
;Жакет жен. 701;
;Платье жен. 2007;
;Платье жен. 2017;
;Платье жен. 2018;
;;
;03-27/26/01/50 сирень-т.сирень-молочный-фиолетовый;сирень, розовый, белый, фиолетовый, многоцветный
;Платье жен. 2043;
;;
;03-27/50 сирень;сирень, розовый, фиолетовый, многоцветный
;Джемпер жен. 4047;
;;
;03-27/54 сирень-слива;сирень, розовый, фиолетовый, многоцветный
;Джемпер жен. 4044;
;;
;03-27/60/50 сирень;сирень, фуксия, розовый, сирень, многоцветный
;Джемпер жен. 4009;
;;
;03-29 лиловый;фуксия
;Джемпер жен. 4023;
;Джемпер жен. 4027;
;Джемпер жен. 4031;
;Джемпер жен. 4041;
;Джемпер жен. 4042;
;Джемпер жен. 4067;
;Жакет жен. 1076;
;Жакет жен. 1098;
;Жакет жен. 1100;
;Жакет жен. 722;
;;
;03-29 фуксия;фуксия
;Жакет жен. 1074;
;Жакет жен. 1092;
;Жакет жен. 1093;
;;
;03-31 св.серый;серый
;Джемпер жен. 4049;
;Джемпер жен. 4055;
;Джемпер жен. 782;
;Джемпер жен. 787;
;Джемпер жен. 788;
;Жакет жен. 1064;
;Жакет жен. 1073;
;Жакет жен. 1075;
;Жакет жен. 1093;
;Жакет жен. 699;
;Жакет жен. 738;
;Жакет жен. 800;
;Жилет жен. 1041;
;Жилет жен. 1042;
;Платье жен. 2004;
;Платье жен. 2006;
;Платье жен. 2018;
;Платье жен. 2029;
;Платье жен. 735;
;Платье жен. 742;
;Платье жен. 744;
;Платье жен. 752;
;Платье жен. 761;
;Платье жен. 771;
;Платье жен. 778;
;;
;03-31/02 св. серый;серый, черный, многоцветный
;Джемпер жен. 4004;
;Джемпер жен. 4047;
;;
;03-31/02/75 св. серый;серый, черный, многоцветный
;Джемпер жен. 4012;
;;
;03-31/10/01 св.серый-розовый-молочный;серый, розовый, белый, многоцветный
;Джемпер жен. 4059;
;;
;03-31/75 светло серый;серый, многоцветный
;Джемпер жен. 4005;
;Костюм жен. 775;
;;
;03-31/75/02 св. серый;серый, черный, многоцветный
;Платье жен. 2008;
;;
;03-31/75/44/02/08 св.серый-серый-антр.меланж-т.серый-черный;серый, черный, многоцветный
;Платье жен. 631;
;Платье жен. 749;
;;
;03-314 горчица;желтый
;Джемпер жен. 4084;
;Жакет жен. 1158;
;Жакет жен. 1159;
;Жакет жен. 1161;
;Платье жен. 2057;
;;
;03-316 джинс;синий, голубой
;Жакет жен. 1152;
;Жакет жен. 1158;
;Жакет жен. 1159;
;;
;03-335 оливка;зеленый
;Джемпер жен. 4084;
;;
;03-344/31 ментол-серый;бирюзовый, зеленый, серый, многоцветный
;Джемпер жен. 4086;
;;
;03-36 коричневый;коричневый
;Джемпер жен. 682;
;Жакет жен. 1096;
;Платье жен. 2022;
;;
;03-36/07/77 коричневый;коричневый, бежевый, многоцветный
;Джемпер жен. 4003;
;;
;03-36/77/07 коричневый;коричневый, бежевый, многоцветный
;Платье жен. 2010;
;Платье жен. 2021;
;Платье жен. 2024;
;;
;03-37 красный;красный
;Жакет жен. 1098;
;Жакет жен. 705;
;Платье жен. 2023;
;;
;03-373 коралл;красный
;Джемпер жен. 4084;
;Жакет жен. 1158;
;Жакет жен. 1159;
;Жакет жен. 1161;
;;
;03-40 серо-синий;серый
;Джемпер жен. 687;
;Платье жен. 729;
;Платье жен. 734;
;Платье жен. 736;
;Платье жен. 744;
;;
;03-42 дымчатый;серый
;Джемпер жен. 4055;
;Джемпер жен. 682;
;Джемпер жен. 695;
;Жакет жен. 1073;
;Платье жен. 2005;
;Платье жен. 2015;
;;
;03-44/01 антрацит меланж;черный, белый, многоцветный
;Жакет жен. 1082;
;Жакет жен. 1086;
;Жакет жен. 1089;
;Жакет жен. 1103;
;;
;03-44/04 антрацит меланж;черный, серый, многоцветный
;Жакет жен. 1123;
;;
;03-44/07 антрацит меланж;черный, бежевый,многоцветный
;Жакет жен. 1090;
;Жакет жен. 1091;
;Жакет жен. 1103;
;Жакет жен. 1105;
;Жакет жен. 1106;
;;
;03-44/133 антрацит меланж;черный, бежевый, многоцветный
;Жакет жен. 1124;
;;
;03-44/31 антрацит меланж;черный, серый, многоцветный
;Жакет жен. 1119;
;;
;03-48 св. беж;бежевый
;Платье жен. 2003;
;;
;03-50 баклажан;фиолетовый
;Джемпер жен. 4022;
;Джемпер жен. 4025;
;Джемпер жен. 4027;
;Джемпер жен. 4031;
;Джемпер жен. 4042;
;Джемпер жен. 4048;
;Джемпер жен. 4050;
;Джемпер жен. 4053;
;Джемпер жен. 4057;
;Джемпер жен. 4058;
;Джемпер жен. 4071;
;Джемпер жен. 787;
;Жакет жен. 1073;
;Жакет жен. 1092;
;Жакет жен. 1093;
;Жакет жен. 1096;
;Жакет жен. 1098;
;Жакет жен. 1100;
;Жакет жен. 1162;
;Жакет жен. 738;
;Жакет жен. 780;
;Жилет жен. 1040;
;Жилет жен. 1122;
;Костюм жен. 774;
;Платье жен. 752;
;;
;03-50/01 баклажан-молочный;фиолетовый, белый, многоцветный
;Джемпер жен. 4028;
;;
;03-50/78 баклажан;фиолетовый, фуксия, многоцветный
;Джемпер жен. 4020;
;;
;03-54 слива;фиолетовый
;Джемпер жен. 4007;
;Джемпер жен. 4016;
;Джемпер жен. 4023;
;Джемпер жен. 4048;
;Джемпер жен. 4055;
;Жакет жен. 1014;
;Жакет жен. 1016;
;Жакет жен. 1017;
;Жакет жен. 1024;
;Жакет жен. 1075;
;Жакет жен. 1076;
;Жакет жен. 1084;
;Жакет жен. 1097;
;Жакет жен. 1099;
;Жакет жен. 738;
;Жакет жен. 780;
;Костюм жен. 774;
;Костюм жен. 776;
;Платье жен. 721;
;Платье жен. 733;
;Платье жен. 761;
;;
;03-54 фиолетовый;фиолетовый
;Джемпер жен. 760;
;Джемпер жен. 782;
;Джемпер жен. 786;
;Джемпер жен. 787;
;Джемпер жен. 788;
;Джемпер жен. 789;
;Джемпер жен. 790;
;Платье жен. 2005;
;Платье жен. 2007;
;Платье жен. 2015;
;Платье жен. 2017;
;Платье жен. 2022;
;Платье жен. 721;
;;
;03-54/01 слива-молочный;фиолетовый, белый, многоцветный
;Джемпер жен. 4028;
;;
;03-54/01/27 слива;фиолетовый, белый, розовый, многоцветный
;Джемпер жен. 4026;
;;
;03-54/40/74 слива;фиолетовый, многоцветный
;Жакет жен. 1037;
;;
;03-56 т. розовый;розовый, фиолетовый
;Джемпер жен. 4048;
;Джемпер жен. 4053;
;;
;03-60 сир.меланж;розовый, фиолетовый
;Джемпер жен. 787;
;Джемпер жен. 788;
;Джемпер жен. 789;
;Джемпер жен. 790;
;Жакет жен. 1014;
;Жакет жен. 1015;
;Жакет жен. 1016;
;Жакет жен. 1017;
;Жакет жен. 1019;
;Жакет жен. 1024;
;Жакет жен. 1073;
;Жакет жен. 1093;
;Жакет жен. 1096;
;Жакет жен. 1098;
;Жакет жен. 738;
;Жакет жен. 754;
;Платье жен. 2003;
;Платье жен. 2004;
;Платье жен. 2006;
;Платье жен. 2023;
;Платье жен. 2028;
;Платье жен. 729;
;Платье жен. 731;
;Платье жен. 733;
;Платье жен. 742;
;Платье жен. 744;
;Платье жен. 752;
;Платье жен. 778;
;;
;03-60/27/50 сир. меланж;розовый, фиолетовый, многоцветный
;Джемпер жен. 4002;
;;
;03-67 молочный;белый
;Джемпер жен. 672;
;Платье жен. 735;
;;
;03-67/02/04 молочный;белый, черный, серый, многоцветный
;Джемпер жен. 4018;
;;
;03-68 фиолетовый;фиолетовый
;Жакет жен. 653;
;;
;03-75 серый;серый
;Джемпер жен. 672;
;Джемпер жен. 770;
;Джемпер жен. 786;
;Джемпер жен. 787;
;Жакет жен. 1020;
;Жакет жен. 699;
;Жакет жен. 715;
;Жакет жен. 738;
;Жакет жен. 754;
;Жилет жен. 1040;
;Жилет жен. 792;
;Костюм жен. 775;
;Костюм жен. 776;
;Платье жен. 2003;
;Платье жен. 2023;
;Платье жен. 2028;
;Платье жен. 721;
;Платье жен. 725;
;Платье жен. 729;
;Платье жен. 731;
;Платье жен. 733;
;Платье жен. 736;
;Платье жен. 741;
;Платье жен. 742;
;Платье жен. 751;
;Платье жен. 761;
;;
;03-75/02 серый-т.серый;серый, черный, многоцветный
;Джемпер жен. 4044;
;;
;03-75/02/01 серый-молочный;серый, черный, белый, многоцветный
;Джемпер жен. 4000;
;;
;03-75/02/25/01/126 серый;серый, черный, белый, фиолетовый, сирень, многоцветный
;Джемпер жен. 4051;
;;
;03-75/02/31 серый-св.серый;серый, черный, многоцветный
;Джемпер жен. 4000;
;Платье жен. 737;
;;
;03-75/25/02/01 серый-св.джинс-т.серый-молочный;серый, синий, белый, многоцветный
;Джемпер жен. 4046;
;;
;03-75/31/02 серый;серый, белый, черный, многоцветный
;Джемпер жен. 4010;
;;
;03-75/31/50 серый;серый, черный, фиолетовый, многоцветный
;Жакет жен. 1037;
;;
;03-75/44 серый;серый, черный, многоцветный
;Жакет жен. 1081;
;;
;03-75/54/31 серый;серый, фиолетовый, многоцветный
;Жакет жен. 1037;
;;
;03-76 т.серый;черный
;Джемпер жен. 787;
;Платье жен. 2004;
;Платье жен. 2005;
;Платье жен. 2006;
;Платье жен. 2007;
;Платье жен. 2015;
;Платье жен. 2017;
;Платье жен. 2018;
;Платье жен. 2022;
;;
;03-76/01 т.серый-молочный;черный, белый, многоцветный
;Платье жен. 2002;
;;
;03-76/01/54 т.серый;черный, белый, фиолетовый, многоцветный
;Платье жен. 2008;
;;
;03-77 т.бежевый;бежевый
;Джемпер жен. 4031;
;Джемпер жен. 4041;
;Джемпер жен. 4049;
;Джемпер жен. 4050;
;Джемпер жен. 4057;
;Джемпер жен. 4058;
;Жакет жен. 1062;
;Жакет жен. 1064;
;Жакет жен. 1075;
;Жакет жен. 1096;
;Жакет жен. 1097;
;Жакет жен. 1099;
;Жакет жен. 1154;
;Жакет жен. 701;
;Жакет жен. 738;
;Жакет жен. 780;
;Жилет жен. 1040;
;Жилет жен. 1041;
;Жилет жен. 1042;
;Жилет жен. 1121;
;Жилет жен. 1122;
;Жилет жен. 792;
;Платье жен. 2006;
;Платье жен. 2007;
;Платье жен. 2015;
;Платье жен. 2017;
;Платье жен. 2018;
;Платье жен. 2023;
;Платье жен. 2028;
;Платье жен. 2029;
;Платье жен. 2056;
;Платье жен. 725;
;Платье жен. 731;
;;
;03-77/01 т.беж-молочный;бежевый, белый, многоцветный
;Джемпер жен. 4070;
;Жакет жен. 1120;
;Жилет жен. 1127;
;Платье жен. 2002;
;Платье жен. 2053;
;;
;03-77/01/133 темно-бежевый;бежевый, белый, многоцветный
;Джемпер жен. 4026;
;;
;03-77/01/60 т.беж;бежевый, белый, розовый, фиолетовый, многоцветный
;Жакет жен. 1037;
;;
;03-77/02/07 т.беж-т.серый-св.беж;бежевый, черный, многоцветный
;Джемпер жен. 4065;
;;
;03-77/07 темно-бежевый;
;Костюм жен. 775;
;;
;03-77/07/01 т. беж-какао с мол.-молочный;бежевый, белый, многоцветный
;Джемпер жен. 4003;
;Джемпер жен. 4026;
;Джемпер жен. 4059;
;;
;03-77/133 т.беж-св. беж;бежевый, многоцветный
;Джемпер жен. 4020;
;Джемпер жен. 4047;
;Жакет жен. 1119;
;;
;03-77/36/01 т.беж;бежевый, коричневый, белый, многоцветный
;Джемпер жен. 4000;
;Платье жен. 2019;
;;
;03-77/48/36 т.беж;бежевый, коричневый, многоцветный
;Джемпер жен. 4010;
;;
;03-77/501/31 т.беж-белый-черный;бежевый, белый, черный, многоцветный
;Жакет жен. 1160;
;;
;03-78 роз.меланж;розовый, фуксия
;Джемпер жен. 4048;
;Джемпер жен. 4049;
;Жакет жен. 1096;
;Жакет жен. 1097;
;Жакет жен. 1154;
;Жакет жен. 1162;
;Жакет жен. 1170;
;Жакет жен. 738;
;Платье жен. 2055;
;Платье жен. 2056;
;Платье жен. 721;
;;
;03-78/01 роз.меланж-молоко;розовый, фуксия, белый, многоцветный
;Джемпер жен. 4070;
;;
;03-8570 св.серый;серый
;Джемпер жен. 695;
;;
;03-89 орхидея;розовый, серый
;Джемпер жен. 682;
;;
;0306 желт.;желтый
;Жакет жен. 915;
;Пончо жен. 901;
;;
;04-0101/10110 белый;белый
;Джемпер жен. 763;
;;
;04-0104 молоко;белый
;Жакет жен. 1058;
;Жакет жен. 1059;
;Жакет жен. 602;
;Жакет жен. 603;
;;
;04-0104/30 молочный-коричневый;белый, коричневый, многоцветный
;Джемпер жен. 4006;
;;
;04-0908 клевер;розовый
;Джемпер жен. 4017;
;;
;04-10 молоко;белый
;Платье жен. 616;
;Платье жен. 622;
;;
;04-1000/10110 св.серый;серый, черный, многоцветный
;Жакет жен. 609;
;;
;04-1002/1004 серый-антрацит;серый, черный, многоцветный
;Джемпер жен. 763;
;;
;04-1002/10506 серый-розовй;серый, розовый, многоцветный
;Джемпер жен. 763;
;;
;04-1004/10054 антрацит-белый;серый, белый, многоцветный
;Джемпер жен. 784;
;;
;04-1006 красный;красный
;Жакет жен. 355;
;;
;04-10110 черный;черный
;Жакет жен. 1038;
;Жакет жен. 1048;
;Жакет жен. 602;
;;
;04-10110/0101 черный;черный, белый, многоцветный
;Платье жен. 2012;
;;
;04-10110/0104 черный;черный, серый, многоцветный
;Жакет жен. 609;
;;
;04-10110/1000 черный;черный, серый, многоцветный
;Жакет жен. 645;
;;
;;
;04-1018/1238 светлый беж;бежевый, коричневый, многоцветный
;Джемпер жен. 784;
;;
;;
;;
;04-13103 серый;серый
;Платье жен. 2039;
;;
;;
;04-13106 т. серый;серый
;Жакет жен. 1059;
;;
;04-13106/13103 т. серый;коричневый, бежевый, многоцветный
;Платье жен. 2044;
;;
;04-13107/13101 т.серый;серый, многоцветный
;Платье жен. 2036;
;;
;04-13107/990/13101 т. серый;серый, черный, многоцветный
;Платье жен. 2031;
;;
;04-13107/990/901 т.серый-белый;серый, белый, многоцветный
;Платье жен. 2026;
;;
;;
;04-13109/10110/13101 антрацит;серый, черный, многоцветный
;Платье жен. 2030;
;;
;04-156 серый;серый
;Платье жен. 630;
;;
;04-2406 мокко;коричневый
;Жакет жен. 1058;
;Жакет жен. 1059;
;;
;04-30/29/62/74 коричневый;
;Платье жен. 2025;
;;
;04-30/74 коричневый;коричневый, бежевый, многоцветный
;Платье жен. 2044;
;;
;04-327 серый;серый
;Платье жен. 619;
;;
;04-3408/7003/6505/501 сирен.пепел;сирень, фиолетовый, розовый, белый, многоцветный
;Платье жен. 745;
;;
;04-3500 черный;черный
;Платье жен. 622;
;;
;04-3504 сирень;сирень, розовый
;Жакет жен. 603;
;;
;04-415601 коричневый меланж;бежевый
;Жакет жен. 597;
;;
;04-42/4506/13102 антрацит-слива-св.серый;серый, фиолетовый, многоцветный
;Платье жен. 2038;
;;
;04-42/5009/13102 антрацит-бирюза-св.серый;серый, бирюзовый, серый
;Платье жен. 2038;
;;
;04-4303 брусника;розовый
;Жакет жен. 602;
;;
;04-47 темно серый;серый
;Жилет жен. 500;
;Платье жен. 618;
;Платье жен. 619;
;;
;04-49 серый;серый
;Платье жен. 631;
;Платье жен. 745;
;;
;04-49/10110 серый;серый, белый, многоцветный
;Жакет жен. 609;
;;
;04-49/990/42/9501 серый;серый, черный, белый, многоцветный
;Платье жен. 745;
;;
;04-5108 мор. волна;бирюзовый, синий
;Жакет жен. 1059;
;Жакет жен. 511;
;Жакет жен. 513;
;Жакет жен. 798;
;;
;04-5203 василек;синий
;Платье жен. 627;
;;
;04-62 коричневый;бежевый, коричневый
;Жакет жен. 1058;
;Жакет жен. 1059;
;Платье жен. 631;
;;
;04-62/30/74 коричневый;коричневый, бежевый, многоцветный
;Платье жен. 2031;
;;
;04-6402 спелая  вишня;розовый
;Жакет жен. 1058;
;;
;04-6610 дымчатый;серый
;Жакет жен. 797;
;Жакет жен. 798;
;;
;;
;04-901 белый;белый
;Джемпер жен. 764;
;Жакет жен. 603;
;;
;;
;04-9500 черный;черный
;Жакет жен. 602;
;;
;04-9500/1004/1003 черный;черный, серый, многоцветный
;Жакет жен. 785;
;;
;04-990 черный;черный
;Жакет жен. 1058;
;Жакет жен. 1059;
;Жакет жен. 602;
;Жакет жен. 603;
;Жакет жен. 643;
;Жакет жен. 724;
;Жилет жен. 540;
;Платье жен. 494;
;Платье жен. 508;
;Платье жен. 509;
;Платье жен. 523;
;Платье жен. 532;
;Платье жен. 546/10;
;Платье жен. 617;
;Платье жен. 619;
;;
;04-990/13103 черный;
;Джемпер жен. 4008;
;;
;04-990/13107/13103/13101 черный-т.серый;
;Платье жен. 2025;
;;
;;
;05-0404 морковь;оранжевый
;Жакет жен. 1083;
;Комплект жен. 4019;
;;
;05-0507 рыжий;оранжевый
;Жакет жен. 511;
;Жакет жен. 571;
;Жакет жен. 586;
;;
;05-064 Лен;бежевый
;Жакет жен. 1000;
;Жакет жен. 1001;
;Жакет жен. 1004;
;Жакет жен. 1005;
;Жакет жен. 1007;
;Жакет жен. 1009;
;Жакет жен. 1018;
;Жакет жен. 1021;
;Жакет жен. 1027;
;Жакет жен. 1028;
;Жакет жен. 1029;
;Жакет жен. 1035;
;Жакет жен. 1036;
;Жакет жен. 1043;
;Жакет жен. 1060;
;Жакет жен. 1061;
;Жакет жен. 1063;
;Жакет жен. 1066;
;Жакет жен. 1067;
;Жакет жен. 1068;
;Жакет жен. 1069;
;Жакет жен. 1070 ;
;Жакет жен. 1071;
;Жакет жен. 1072;
;Жакет жен. 1083;
;Жакет жен. 1094;
;Жакет жен. 1101;
;Жакет жен. 1102;
;Жакет жен. 1104;
;Жакет жен. 1149;
;Жакет жен. 1169;
;Жакет жен. 375;
;Жакет жен. 391;
;Жакет жен. 466;
;Жакет жен. 498;
;Жакет жен. 511;
;Жакет жен. 513;
;Жакет жен. 571;
;Жакет жен. 572;
;Жакет жен. 578;
;Жакет жен. 581;
;Жакет жен. 583;
;Жакет жен. 584;
;Жакет жен. 586;
;Жакет жен. 591;
;Жакет жен. 593;
;Жакет жен. 596;
;Жакет жен. 598;
;Жакет жен. 633;
;Жакет жен. 636;
;Жакет жен. 637;
;Жакет жен. 702;
;Жакет жен. 703;
;Жакет жен. 714;
;Жакет жен. 719;
;Жакет жен. 797;
;Жакет жен. 798;
;Жакет жен. 9214;
;Жакет жен. 9215;
;Жилет жен. 538;
;;
;05-064/01 беж.меланж;бежевый
;Жакет жен. 1155;
;;
;05-064/2406 Лен-серо-лавандовый;бежевый, сирень, многоцветный
;Жакет жен. 1065;
;;
;05-064/5902 Лен-беж;бежевый, многоцветный
;Жакет жен. 1065;
;;
;05-10 мол.;белый
;Жакет жен. 511;
;Жакет жен. 572;
;;
;05-10110 черный;черный
;Жакет жен. 636;
;Жакет жен. 9214;
;;
;05-1406 горчица;желтый
;Жакет жен. 1066;
;Жакет жен. 1072;
;Жакет жен. 1083;
;Жакет жен. 1102;
;;
;05-153 серый;серый
;Платье жен. 628;
;Сарафан жен. 908;
;;
;05-17 терракот ;коричневый, оранжевый
;Жакет жен. 375;
;Жакет жен. 391;
;Жакет жен. 466;
;Жакет жен. 498;
;Жакет жен. 572;
;Жакет жен. 583;
;;
;05-18 бордо;красный
;Жакет жен. 375;
;Жакет жен. 572;
;;
;05-1802 мята;зеленый, бирюзовый
;Жакет жен. 1104;
;Жакет жен. 719;
;;
;05-2104 зеленый;зеленый
;Жакет жен. 1101;
;Жакет жен. 1104;
;Жакет жен. 1149;
;Жакет жен. 598;
;Жакет жен. 798;
;;
;05-2104 зеленый;зеленый
;Жакет жен. 572;
;Жакет жен. 583;
;Жакет жен. 596;
;Жакет жен. 598;
;Жакет жен. 636;
;Жакет жен. 719;
;Жакет жен. 798;
;;
;05-2208 т.олива;зеленый
;Жакет жен. 1066;
;Жакет жен. 1101;
;;
;05-225 розовый;розовый
;Жакет жен. 607;
;;
;05-2406 серо-лавандовый;серый, сирень
;Жакет жен. 1066;
;Жакет жен. 1071;
;Жакет жен. 1072;
;Жакет жен. 1083;
;Жакет жен. 1102;
;Жакет жен. 1104;
;Жакет жен. 572;
;Жакет жен. 719;
;Жакет жен. 9215;
;;
;05-2703 св. бирюза;бирюзовый
;Жакет жен. 391;
;Жакет жен. 596;
;;
;05-3004 голубой;бирюзовый, голубой, синий
;Жакет жен. 1072;
;Жакет жен. 1083;
;Жакет жен. 1102;
;Жакет жен. 1104;
;Жакет жен. 466;
;Жакет жен. 586;
;Жакет жен. 719;
;;
;05-3082 серый;серый
;Жакет жен. 1028;
;Жакет жен. 1060;
;Жакет жен. 1066;
;Жакет жен. 1072;
;Жакет жен. 375;
;Жакет жен. 391;
;Жакет жен. 497;
;Жакет жен. 511;
;Жакет жен. 513;
;Жакет жен. 581;
;Жакет жен. 583;
;Жилет жен. 538;
;Платье жен. 628;
;;
;05-315 коричн.;коричневый
;Жакет жен. 391;
;;
;05-333 джинс;синий, голубой
;Жакет жен. 797;
;Жакет жен. 798;
;Жакет жен. 9215;
;;
;05-3627 фиолетовый;фиолетовый
;Жакет жен. 375;
;Жакет жен. 391;
;Жакет жен. 591;
;;
;05-4005 морковь;оранжевый
;Жакет жен. 1101;
;Жакет жен. 1104;
;;
;;
;;
;05-4104 кирпичный ;оранжевый
;Жакет жен. 1069;
;Жакет жен. 1072;
;Жакет жен. 1083;
;Жакет жен. 1094;
;;
;05-4201 т.морковь;оранжевый, коричневый
;Жакет жен. 1063;
;Жакет жен. 1066;
;Жакет жен. 1071;
;Жакет жен. 1101;
;;
;05-4209 розовый;розовый
;Комплект жен. 4019;
;;
;05-4305 клевер;розовый
;Жакет жен. 1149;
;Жакет жен. 1169;
;Жакет жен. 511;
;Жакет жен. 571;
;Жакет жен. 572;
;Жакет жен. 578;
;Жакет жен. 596;
;Жакет жен. 598;
;Жакет жен. 797;
;;
;05-4306 клевер;розовый
;Жакет жен. 1068;
;Жакет жен. 1072;
;Жакет жен. 1104;
;Жакет жен. 798;
;;
;05-4405 фуксия;фуксия
;Жакет жен. 1104;
;;
;05-4409 фуксия;фуксия
;Жакет жен. 1083;
;Жакет жен. 1102;
;Жакет жен. 466;
;Жакет жен. 571;
;Жакет жен. 798;
;;
;05-4410 фуксия;фуксия, розовый
;Жакет жен. 1072;
;Жакет жен. 1083;
;Жакет жен. 9215;
;;
;05-4508 коралл;красный
;Жакет жен. 1043;
;Жакет жен. 1060;
;Жакет жен. 1067;
;Жакет жен. 1072;
;Жакет жен. 1104;
;Жакет жен. 1169;
;;
;05-4508/990 коралл;красный, черный, многоцветный
;Жакет жен. 1065;
;;
;05-4609/10110 малина ;красный, черный, многоцветный
;Жакет жен. 1065;
;;
;05-47 т.серый;серый
;Жакет жен. 1000;
;Жакет жен. 1001;
;Жакет жен. 1004;
;Жакет жен. 1104;
;Жакет жен. 375;
;Жакет жен. 466;
;Жакет жен. 513;
;Жакет жен. 571;
;Жакет жен. 572;
;Жакет жен. 578;
;Жакет жен. 581;
;Жакет жен. 583;
;Жакет жен. 598;
;Жакет жен. 602;
;Жакет жен. 637;
;Жакет жен. 703;
;Жакет жен. 714;
;Жакет жен. 719;
;Платье жен. 746;
;;
;05-4805 серый;голубой, серый
;Жакет жен. 1043;
;Жакет жен. 1066;
;Жакет жен. 1067;
;Жакет жен. 1068;
;Жакет жен. 1069;
;Жакет жен. 1072;
;Жакет жен. 1083;
;Жакет жен. 1149;
;Жакет жен. 513;
;Жакет жен. 578;
;Жакет жен. 637;
;Жакет жен. 797;
;Жакет жен. 798;
;;
;05-49 серый;серый
;Жакет жен. 1000;
;Жакет жен. 1001;
;Жакет жен. 1004;
;Жакет жен. 1005;
;Жакет жен. 1007;
;Жакет жен. 1009;
;Жакет жен. 1018;
;Жакет жен. 1028;
;Жакет жен. 1029;
;Жакет жен. 1035;
;Жакет жен. 375;
;Жакет жен. 391;
;Жакет жен. 466;
;Жакет жен. 511;
;Жакет жен. 513;
;Жакет жен. 571;
;Жакет жен. 572;
;Жакет жен. 578;
;Жакет жен. 581;
;Жакет жен. 583;
;Жакет жен. 584;
;Жакет жен. 586;
;Жакет жен. 596;
;Жакет жен. 598;
;Жакет жен. 609;
;Жакет жен. 636;
;Жакет жен. 702;
;Жакет жен. 703;
;Жакет жен. 714;
;Жакет жен. 719;
;Жакет жен. 797;
;Жакет жен. 798;
;Жакет жен. 9214;
;Жакет жен. 9215;
;;
;05-4902 джинс;голубой, синий
;Жакет жен. 1063;
;Жакет жен. 1094;
;Жакет жен. 1102;
;Комплект жен. 4019;
;;
;05-5201 т.морск.волна;синий, бирюзовый
;Жакет жен. 1072;
;Жакет жен. 513;
;Жакет жен. 571;
;;
;05-5902 беж;бежевый
;Жакет жен. 1067;
;Жакет жен. 1102;
;Жакет жен. 9215;
;;
;05-6010 коричневый;коричневый
;Жакет жен. 1061;
;Жакет жен. 1071;
;Жакет жен. 1101;
;;
;05-6101 сирень;сирень
;Жакет жен. 371;
;Жакет жен. 375;
;;
;05-6110 сирень;сирень, фиолетовый
;Жакет жен. 1061;
;Жакет жен. 1072;
;Жакет жен. 466;
;Жакет жен. 798;
;;
;05-6404  слива;фиолетовый
;Жакет жен. 1043;
;Жакет жен. 1061;
;Жакет жен. 1063;
;Жакет жен. 1069;
;Жакет жен. 1071;
;Жакет жен. 1112;
;;
;05-6505 слива;фиолетовый
;Жакет жен. 1061;
;Жакет жен. 1094;
;Жакет жен. 466;
;Жакет жен. 511;
;Жакет жен. 583;
;Жакет жен. 586;
;Жакет жен. 9215;
;;
;05-952 сирень;сирень
;Жилет жен. 538;
;;
;05-990 черный;черный
;Джемпер жен. 470;
;Джемпер жен. 552;
;Джемпер жен. 765;
;Жакет жен. 1000;
;Жакет жен. 1001;
;Жакет жен. 1004;
;Жакет жен. 1005;
;Жакет жен. 1009;
;Жакет жен. 1018;
;Жакет жен. 1027;
;Жакет жен. 1028;
;Жакет жен. 1029;
;Жакет жен. 1035;
;Жакет жен. 1060;
;Жакет жен. 1061;
;Жакет жен. 1068;
;Жакет жен. 1071;
;Жакет жен. 1078;
;Жакет жен. 1101;
;Жакет жен. 1102;
;Жакет жен. 1104;
;Жакет жен. 1155;
;Жакет жен. 375;
;Жакет жен. 391;
;Жакет жен. 466;
;Жакет жен. 498;
;Жакет жен. 511;
;Жакет жен. 513;
;Жакет жен. 525;
;Жакет жен. 571;
;Жакет жен. 572;
;Жакет жен. 575;
;Жакет жен. 576;
;Жакет жен. 577;
;Жакет жен. 578;
;Жакет жен. 581;
;Жакет жен. 583;
;Жакет жен. 585;
;Жакет жен. 586;
;Жакет жен. 588;
;Жакет жен. 591;
;Жакет жен. 593;
;Жакет жен. 596;
;Жакет жен. 598;
;Жакет жен. 608;
;Жакет жен. 609;
;Жакет жен. 633;
;Жакет жен. 637;
;Жакет жен. 639;
;Жакет жен. 642;
;Жакет жен. 702;
;Жакет жен. 703;
;Жакет жен. 714;
;Жакет жен. 719;
;Жакет жен. 797;
;Жакет жен. 798;
;Жакет жен. 9214;
;Жакет жен. 9215;
;Жилет жен. 500;
;Жилет жен. 538;
;Жилет жен. 902;
;Платье жен. 2025;
;Платье жен. 537;
;Платье жен. 554;
;Платье жен. 610;
;Платье жен. 620;
;Платье жен. 632;
;Платье жен. 691;
;Платье жен. 747;
;Платье жен. 748;
;Платье жен. 753;
;Сарафан жен. 908;
;;
;05-990/02 черн.меланж;черный
;Жакет жен. 1155;
;;
;0701 сир-роз. меланж;розовый
;Жакет жен. 704;
;;
;08-25733 м.волна;синий
;Джемпер жен. 922;
;;
;08-2608 серый;серый
;Жакет жен. 918;
;;
;08-30186/579 белый;белый, голубой, многоцветный
;Жакет жен. 796;
;;
;08-3310 фиолет;фиолетовый
;Жакет жен. 918;
;;
;08-3507 бирюза;бирюзовый
;Жакет жен. 638;
;;
;08-412 беж;бежевый
;Жакет жен. 639;
;;
;08-480 антрацит;черный
;Жакет жен. 638;
;;
;08-501762 морск. волна;синий
;Жакет жен. 638;
;;
;08-583 джинс;синий
;Жакет жен. 638;
;;
;08-619 т.серый;серый
;Жакет жен. 717;
;;
;09-0104 молочный;белый
;Джемпер жен. 980;
;Джемпер жен. 994;
;Жакет жен. 1109;
;Жакет жен. 9012;
;;
;09-0104/4507/6708 молочный;белый, оранжевый, коричневый, многоцветный
;Джемпер жен. 990;
;;
;09-0601 морковный;оранжевый
;Жакет жен. 773;
;;
;09-1103/5610 олива ;зеленый, многоцветный
;Жакет жен. 794;
;;
;09-1308 коричневый;коричневый
;Платье жен. 967;
;;
;09-1310 коричневый;коричневый
;Платье жен. 939;
;;
;09-1803 ярк. зеленый;зеленый
;Жакет жен. 773;
;Платье жен. 9004;
;;
;09-2104/22 зеленый;зеленый, многоцветный
;Джемпер жен. 9011;
;;
;;
;09-2104/4391 зеленый;зеленый, многоцветный
;Джемпер жен. 946;
;;
;09-2501 св.серый;серый
;Джемпер жен. 9000;
;Жакет жен. 1109;
;Платье жен. 958;
;Платье жен. 961;
;;
;09-2501/2610 св.серый;серый, многоцветный
;Платье жен. 957;
;Платье жен. 966;
;;
;09-2501/6704 св.серый;серый, многоцветный
;Жакет жен. 794;
;;
;09-2501/6708 св.серый;серый, многоцветный
;Джемпер жен. 992;
;;
;09-2610 фиол.сер.;серый
;Джемпер жен. 9006;
;Платье жен. 960;
;Платье жен. 968;
;;
;09-2610/2501 фиол.сер.-св.серый;серый, многоцветный
;Платье жен. 966;
;;
;09-2610/3407 фиолет.серый;серый, розовый, многоцветный
;Платье жен. 959;
;;
;09-2610/9500 ф.серый;серый, черный, многоцветный
;Платье жен. 942;
;;
;09-2610/9500/0104 ф.серый;серый, белый, черный, многоцветный
;Жакет жен. 932;
;Платье жен. 936;
;;
;09-2909/0104 т.синий;синий
;Джемпер жен. 947;
;;
;09-3407 бледная сирень;сирень, розовый
;Джемпер жен. 980;
;Джемпер жен. 989;
;;
;09-3407/3409 бледная сирень;сирень, розовый, многоцветный
;Джемпер жен. 976;
;Жакет жен. 794;
;;
;09-3407/40 бледная сирень;сирень, многоцветный
;Платье жен. 9001;
;;
;09-3407/6102/6601 бледная сирень;сирень, фиолетовый, многоцветный
;Джемпер жен. 990;
;;
;09-3409 сирень;сирень
;Джемпер жен. 9000;
;Джемпер жен. 9006;
;Жакет жен. 1109;
;Жакет жен. 773;
;Платье жен. 960;
;Платье жен. 967;
;;
;09-3409/3407 сирень-бледная сирень;сирень, розовый, многоцветный
;Платье жен. 965;
;Платье жен. 968;
;;
;09-3409/3407/6601 сирень-бледная сирень-баклажан;сирень, розовый, фиолетовый, многоцветный
;Джемпер жен. 991;
;Платье жен. 965;
;;
;09-3510 серо-голубой;серый
;Платье жен. 9004;
;Платье жен. 928;
;Платье жен. 934;
;Платье жен. 935;
;Платье жен. 937;
;Платье жен. 939;
;;
;09-3510/0104 серо-голубой;серый, многоцветный
;Костюм жен. 929;
;;
;09-3510/9500 серо-голубой;серый, черный, многоцветный
;Платье жен. 934;
;Платье жен. 942;
;;
;09-40 баклажан;фиолетовый
;Платье жен. 928;
;Платье жен. 931;
;Платье жен. 935;
;Платье жен. 937;
;;
;09-4507 коралловый;красный, оранжевый
;Джемпер жен. 9000;
;Джемпер жен. 989;
;Жакет жен. 1109;
;Жакет жен. 772 ;
;Жакет жен. 773;
;;
;09-5101/08 морская волна-черный;синий, черный, многоцветный
;Платье жен. 9018;
;;
;09-5207/2501 т.синий-св.серый;синий, серый, многоцветный
;Джемпер жен. 9005;
;;
;09-5207/6210 т.синий-клевер;синий, розовый, многоцветный
;Платье жен. 9009;
;;
;09-5605 т.олива;зеленый
;Платье жен. 9007;
;;
;09-5610/5605/0104 хаки-т.олива-молочный;зеленый, белый, многоцветный
;Джемпер жен. 9014;
;;
;09-5803 св.беж;бежевый
;Джемпер жен. 989;
;Джемпер жен. 993;
;Жакет жен. 1109;
;Жакет жен. 772 ;
;Платье жен. 969;
;;
;09-5803/34 св.беж-т.коричневый;бежевый, коричневый, многоцветный
;Жакет жен. 9016;
;;
;09-5803/5807 св.беж;бежевый, коричневый, многоцветный
;Жакет жен. 794;
;;
;09-5803/5807/5909 св. беж;коричневый, бежевый, многоцветный
;Джемпер жен. 978;
;;
;09-5807 беж;бежевый
;Жакет жен. 1109;
;Жакет жен. 772 ;
;Платье жен. 9003;
;Платье жен. 9004;
;Платье жен. 967;
;;
;09-5807/17 беж;бежевый, многоцветный
;Джемпер жен. 9011;
;;
;09-5807/5803 беж-св.беж;бежевый, многоцветный
;Джемпер жен. 976;
;;
;09-5807/5803/6009 беж;бежевый, многоцветный
;Джемпер жен. 975;
;;
;09-5807/6009/5803 т.беж;коричневый, бежевый, многоцветный
;Платье жен. 936;
;;
;09-5902 беж;бежевый
;Джемпер жен. 9000;
;Джемпер жен. 9006;
;Джемпер жен. 977;
;Жакет жен. 773;
;Платье жен. 9002;
;Платье жен. 930;
;Платье жен. 958;
;Платье жен. 960;
;Платье жен. 968;
;;
;09-5902/0104/6009 беж;коричневый, бежевый, белый, многоцветный
;Джемпер жен. 991;
;;
;09-5902/5909 беж-т.коричневый;коричневый, бежевый, многоцветный
;Джемпер жен. 976;
;;
;09-5909 т.коричневый;коричневый
;Жакет жен. 9012;
;Платье жен. 9002;
;Платье жен. 9007;
;Платье жен. 930;
;Платье жен. 961;
;;
;09-5909/5803 т. коричневый;коричневый, многоцветный
;Джемпер жен. 9005;
;Платье жен. 957;
;Платье жен. 966;
;Платье жен. 968;
;;
;09-5909/5807 т.коричневый;коричневый, бежевый, многоцветный
;Платье жен. 959;
;;
;09-6002 песочный;коричневый
;Джемпер жен. 980;
;Джемпер жен. 994;
;;
;09-6009 шоколад;коричневый
;Платье жен. 960;
;;
;09-6009/0601 шоколад;коричневый, оранжевый, многоцветный
;Джемпер жен. 988;
;;
;09-6009/17 шоколад-т.беж;коричневый, бежевый, многоцветный
;Платье жен. 9013;
;;
;09-6009/6002/5803 шоколад;коричневый, белый, многоцветный
;Платье жен. 934;
;;
;09-6102 сирень;сирень
;Жакет жен. 773;
;;
;09-6210 клевер;розовый
;Платье жен. 9003;
;Платье жен. 9004;
;;
;09-6210/40 клевер;розовый
;Платье жен. 926;
;;
;09-6601 баклажан;фиолетовый
;Джемпер жен. 989;
;Джемпер жен. 994;
;Платье жен. 9004;
;Платье жен. 930;
;Платье жен. 961;
;;
;09-6601/3407 баклажан;фиолетовый, сирень, многоцветный
;Платье жен. 957;
;;
;09-6601/3407/6708/3409 баклажан;фиолетовый, сирень, розовый, многоцветный
;Платье жен. 934;
;;
;09-6601/3409/3407 баклажан-бледная сирень;фиолетовый, сирень, многоцветный
;Джемпер жен. 986;
;;
;09-6601/3409/6210 баклажан-клевер;фиолетовый, розовый, многоцветный
;Джемпер жен. 986;
;;
;09-6601/40 баклажан;фиолетовый
;Джемпер жен. 9005;
;;
;09-6704 серый;серый
;Джемпер жен. 993;
;Жакет жен. 1109;
;Платье жен. 9002;
;Платье жен. 9007;
;Платье жен. 969;
;;
;09-6704/1803 серый;серый, зеленый, многоцветный
;Джемпер жен. 988;
;;
;09-6704/2501/2610 серый;серый, многоцветный
;Джемпер жен. 978;
;;
;09-6704/2501/6708 серый;серый, многоцветный
;Джемпер жен. 975;
;;
;09-6704/2610/6708 серый-фиолет.серый-антрацит;серый, черный, многоцветный
;Платье жен. 965;
;;
;09-6704/2909/0104 серый-т.синий-молочный;серый, синий, белый, многоцветный
;Платье жен. 936;
;;
;;
;09-6708 антрацит;серый
;Жакет жен. 9012;
;Платье жен. 958;
;Платье жен. 961;
;Платье жен. 967;
;;
;09-6708/06 антрацит-св.серый;серый, многоцветный
;Платье жен. 9013;
;;
;09-6708/1803/0101 антрацит-ярк.зеленый;серый, зеленый, многоцветный
;Жакет жен. 995;
;;
;09-6708/2104/2501 антрацит-зеленый-св.серый;серый, зеленый, многоцветный
;Платье жен. 9010;
;;
;09-6708/2501 антрацит;серый, многоцветный
;Платье жен. 957;
;Платье жен. 968;
;;
;09-6708/2501 антрацит-св.серый;серый, многоцветный
;Джемпер жен. 9005;
;;
;09-6708/2610/2501/6704 антрацит;черный, серый, многоцветный
;Платье жен. 934;
;;
;09-6708/4507 антрацит;серый, красный, многоцветный
;Джемпер жен. 988;
;;
;09-6708/4507/2501 антрацит-коралловый ;серый, красный, многоцветный
;Жакет жен. 995;
;;
;09-6708/6704/4507 антрацит-коралл;серый, красный, многоцветный
;Джемпер жен. 986;
;;
;09-9500 черный;черный
;Джемпер жен. 948;
;Жакет жен. 1109;
;;
;09-9500/0101 черный;черный
;Платье жен. 943;
;;
;09-9500/22/28 черный-т.серый-клевер;черный, серый, розовый, многоцветный
;Платье жен. 9017;
;;
;09-9500/22/42 черный-т.серый-голубой;черный, серый, голубой, многоцветный
;Платье жен. 9017;
;;
;09-9500/22/5101 черный-т.серый-морская волна;черный, серый, синий, многоцветный
;Платье жен. 9017;
;;
;09-9500/2610 черный;черный, серый, многоцветный
;Платье жен. 942;
;;
;09-9500/6210/6704 черный-клевер-серый;черный, розовый, серый, многоцветный
;Платье жен. 9010;
;;
;09-990 черный;черный
;Платье жен. 9003;
;;
;10 ВТ мол.;белый
;Жакет жен. 1155;
;;
;10-004 бело черный;белый, черный, многоцветный
;Жакет жен. 1008;
;Жакет жен. 1087;
;Жакет жен. 1088;
;;
;10-006 черный+белый;белый, черный, многоцветный
;Жакет жен. 1008;
;Жакет жен. 1087;
;Жакет жен. 1088;
;;
;11 м.волна;синий, бирюзовый
;Костюм жен. 929;
;Платье жен. 924;
;Платье жен. 926;
;;
;11-02 молочный;белый
;Джемпер жен. 664;
;Джемпер жен. 668;
;Жакет жен. 651;
;;
;11-053 коричневый;коричневый
;Жакет жен. 458;
;;
;11-10 бирюза;бирюзовый
;Джемпер жен. 664;
;;
;11-10201 молочный;белый
;Джемпер жен. 670;
;;
;11-109 желтый;желтый
;Жакет жен. 458;
;;
;11-126 голубой;голубой
;Жакет жен. 1043;
;;
;11-146 яркая сирень;сирень
;Джемпер жен. 662;
;Джемпер жен. 664;
;Жакет жен. 650;
;;
;11-147 сиреневый;сирень
;Жакет жен. 651;
;;
;11-159 т. серый;серый
;Джемпер жен. 663;
;Жакет жен. 651;
;;
;11-26 черный;черный
;Джемпер жен. 662;
;Джемпер жен. 663;
;Джемпер жен. 664;
;Джемпер жен. 665;
;Джемпер жен. 673;
;Жакет жен. 651;
;;
;11-34 салатовый;зеленый
;Джемпер жен. 663;
;;
;;
;13-005-св.беж;бежевый
;Джемпер жен. 4060;
;;
;13-011 св.джинс;голубой, синий
;Жакет жен. 1152;
;Жакет жен. 1158;
;Жакет жен. 1159;
;;
;13-013 т. коричневый ;коричневый
;Джемпер жен. 4030;
;Джемпер жен. 4035;
;Платье жен. 2040;
;Платье жен. 2046;
;;
;13-013/160 т. коричневый ;коричневый, бежевый, многоцветный
;Джемпер жен. 4039;
;;
;13-013/165 т. коричневый ;коричневый, бежевый, многоцветный
;Платье жен. 2045;
;;
;13-013/30/165 т.коричневый-т.беж-беж;коричневый, бежевый, многоцветный
;Джемпер жен. 4038;
;;
;13-0145 изумруд;зеленый
;Платье жен. 2054;
;;
;13-018/155/165 беж.-какао с мол.-св.беж;бежевый, белый, многоцветный
;Жакет жен. 1163;
;;
;13-0189  т.синий;синий
;Жакет жен. 1153;
;;
;13-02 серебро;серый
;Жакет жен. 1150;
;;
;13-026 сирень;сирень
;Джемпер жен. 4030;
;Джемпер жен. 4040;
;Жакет жен. 1097;
;;
;13-028 т.сирень;сирень, фиолетовый
;Жакет жен. 1152;
;;
;13-028 т.сирень;сирень, фиолетовый
;Жакет жен. 1152;
;;
;13-031 черный;черный
;Джемпер жен. 4034;
;Жакет жен. 1085;
;;
;13-031/01 черный;черный, белый, многоцветный
;Платье жен. 2045;
;;
;13-031/181 черный;черный, бежевый, многоцветный
;Жакет жен. 1106;
;;
;13-04 св.коричневый;бежевый
;Джемпер жен. 4033;
;Джемпер жен. 4035;
;Джемпер жен. 4068;
;Джемпер жен. 4069;
;Жакет жен. 1092;
;Жакет жен. 1098;
;Жакет жен. 1150;
;Жакет жен. 1151;
;Жакет жен. 1158;
;Жакет жен. 1159;
;Жакет жен. 704;
;Платье жен. 2000;
;Платье жен. 2001;
;Платье жен. 2054;
;;
;13-06 серый;серый
;Жакет жен. 705;
;Платье жен. 2000;
;Платье жен. 2001;
;;
;13-07 антрацит;черный
;Жакет жен. 704;
;Платье жен. 2000;
;;
;13-072 т.фиолетовый;фиолетовый
;Платье жен. 2000;
;;
;13-08 черный;черный
;Платье жен. 2046;
;;
;13-08/165 черный;черный, бежевый, многоцветный
;Жакет жен. 1103;
;Жакет жен. 1105;
;Жакет жен. 1124;
;;
;13-108 св. сирень;сирень
;Джемпер жен. 4033;
;Джемпер жен. 4052;
;Джемпер жен. 4054;
;Платье жен. 2040;
;;
;13-109 яркая сирень;сирень
;Джемпер жен. 4069;
;;
;13-11 св.джинс;голубой
;Джемпер жен. 4068;
;;
;13-118 молоко;белый
;Джемпер жен. 677;
;;
;13-120 черный;черный
;Джемпер жен. 677;
;Джемпер жен. 678;
;;
;13-133 синий;синий
;Джемпер жен. 677;
;;
;13-145 фуксия;фуксия
;Джемпер жен. 4037;
;Жакет жен. 1074;
;Жакет жен. 1076;
;;
;13-148 т.джинс;синий
;Платье жен. 2054;
;;
;13-153 коричневый;коричневый
;Джемпер жен. 4030;
;Джемпер жен. 4034;
;Джемпер жен. 4037;
;Джемпер жен. 4052;
;Джемпер жен. 4054;
;Платье жен. 2051;
;;
;13-156 св.фуксия;фуксия, розовый
;Джемпер жен. 4068;
;Жакет жен. 1158;
;;
;13-156/48 св.фуксия-фуксия;фуксия, розовый, многоцветный
;Джемпер жен. 4036;
;;
;13-160/181 св. беж;бежевый, многоцветный
;Жакет жен. 1095 (с карманами);
;;
;13-165 беж.;бежевый
;Жакет жен. 1148;
;Жакет жен. 1152;
;Жакет жен. 1153;
;Жакет жен. 1154;
;Жакет жен. 1158;
;Жакет жен. 1159;
;;
;13-166 беж;бежевый
;Платье жен. 2040;
;;
;13-169 т.роз.дымка;розовый
;Джемпер жен. 4069;
;Жакет жен. 1148;
;Жакет жен. 1152;
;Жакет жен. 1154;
;;
;13-17 коричневый;коричневый
;Джемпер жен. 4056;
;Джемпер жен. 4060;
;Платье жен. 2049;
;Платье жен. 2050;
;;
;13-17/04/165 коричневый-св.коричневый-беж;коричневый, бежевый, многоцветный
;Платье жен. 2047;
;;
;13-17/165 коричневый-беж;коричневый, бежевый, многоцветный
;Джемпер жен. 4036;
;;
;13-17/165 коричневый-св.беж;коричневый, бежевый, многоцветный
;Джемпер жен. 4039;
;;
;13-170 роз.дымка;розовый
;Джемпер жен. 4071;
;Жакет жен. 1152;
;;
;13-176 горчица;желтый
;Джемпер жен. 4066;
;;
;13-177 бл.коралл;розовый
;Платье жен. 2054;
;;
;13-180 корица;коричневый
;Жакет жен. 1148;
;Жакет жен. 1150;
;Жакет жен. 1154;
;Жакет жен. 1159;
;;
;13-181 терракот;оранжевый, коричневый
;Джемпер жен. 4034;
;Джемпер жен. 4037;
;Джемпер жен. 4066;
;Жакет жен. 1074;
;Жакет жен. 1099;
;Жакет жен. 1153;
;Платье жен. 2040;
;;
;13-189/501 т.синий-белый;синий, белый, многоцветный
;Платье жен. 2053;
;;
;13-27 сирень;сирень
;Джемпер жен. 4030;
;Джемпер жен. 4037;
;Джемпер жен. 4052;
;Джемпер жен. 4054;
;Джемпер жен. 4056;
;Платье жен. 2046;
;Платье жен. 2049;
;Платье жен. 2050;
;Платье жен. 2051;
;;
;13-27/71 сирень;сирень, фиолетовый, многоцветный
;Джемпер жен. 4024;
;;
;13-30 т.беж;бежевый
;Платье жен. 2040;
;;
;13-30/165/156/47 т.беж;бежевый, розовый, многоцветный
;Джемпер жен. 4045;
;;
;13-31 т.изумруд;зеленый
;Джемпер жен. 4068;
;;
;13-46 розовый;розовый
;Жакет жен. 1158;
;;
;13-47 фуксия;фуксия
;Жакет жен. 1030;
;Жакет жен. 1097;
;Жакет жен. 1098;
;Жакет жен. 1099;
;Жакет жен. 1152;
;Платье жен. 2001;
;Платье жен. 2050;
;;
;13-48 фуксия;фуксия
;Джемпер жен. 4033;
;Джемпер жен. 4034;
;Джемпер жен. 4056;
;Платье жен. 2049;
;Платье жен. 2050;
;Платье жен. 2051;
;;
;13-48/46 фуксия;фуксия, розовый, многоцветный
;Платье жен. 2045;
;;
;13-501/012 белый-синий;белый, синий, многоцветный
;Джемпер жен. 4036;
;;
;13-70 т.розовый;розовый
;Жакет жен. 1152;
;;
;13-71 баклажан;фиолетовый
;Джемпер жен. 4040;
;Платье жен. 2046;
;;
;13-71/108 баклажан;фиолетовый, многоцветный
;Джемпер жен. 4039;
;;
;13-71/48/27 баклажан-фуксия-сирень;фиолетовый, фуксия, сирень, многоцветный
;Джемпер жен. 4038;
;;
;13001 красный;красный
;Платье жен. 620;
;;
;16-0104 белый;белый
;Жакет жен. 913;
;Пончо жен. 901;
;;
;16-0306 желтый;желтый
;Пончо жен. 901;
;;
;16-18266 клевер;розовый
;Жакет жен. 1107;
;Жакет жен. 1108;
;;
;16-18268 коралл;красный
;Жакет жен. 1107;
;Жакет жен. 1108;
;;
;16-1905 мор.волна;синий
;Пончо жен. 901;
;;
;16-3403 яр.сирень;сирень
;Жакет жен. 918;
;;
;16-990 черный;черный
;Пончо жен. 901;
;;
;18 бордо;красный
;Жакет жен. 466;
;;
;19-070 черно-бел.;черный, белый, многоцветный
;Жакет жен. 9221;
;;
;19-151651 черно-желт;черный, желтый, многоцветный
;Жакет жен. 9221;
;;
;1905 изумруд;зеленый
;Жакет жен. 915;
;;
;1905 морск.волна;синий
;Пончо жен. 901;
;;
;1997 т-беж.;бежевый
;Жакет жен. 698;
;;
;;
;2004 тем. серый;серый
;Жилет жен. 500;
;;
;2015 св.-серый;серый
;Жакет жен. 698;
;;
;21-033голубой;голубой
;Джемпер жен. 600;
;;
;21-31 зеленый;зеленый
;Джемпер жен. 600;
;;
;21-3302 розовый;розовый
;Джемпер жен. 475;
;;
;21-4541 хаки;зеленый
;Джемпер жен. 475;
;Джемпер жен. 600;
;;
;21-87 т.беж;бежевый
;Джемпер жен. 475;
;;
;22 серый;серый
;Джемпер жен. 944;
;;
;22-10054 белый;белый
;Жакет жен. 1045;
;;
;22-10201 молоко;белый
;Жакет жен. 1045;
;;
;23-10279 серый меланж;серый
;Жакет жен. 1128;
;;
;23-10279 серый меланж;серый
;Жакет жен. 1039;
;Жакет жен. 1125;
;Жилет жен. 1126;
;;
;23-10280 беж. меленж;бежевый
;Жакет жен. 1039;
;Жакет жен. 1125;
;Жакет жен. 1128;
;Жилет жен. 1126;
;;
;24-0110 черный;черный
;Джемпер жен. 4076;
;Жакет жен. 1044;
;Жакет жен. 1052;
;Жакет жен. 1055;
;Жакет жен. 1056;
;Жакет жен. 1111;
;Жакет жен. 1156;
;Жакет жен. 1157;
;;
;24-0507 терракот.;оранжевый
;Джемпер жен. 4076;
;Джемпер жен. 4077;
;;
;24-1017 лен;бежевый
;Жакет жен. 1044;
;Жакет жен. 1049;
;Жакет жен. 1050;
;Жакет жен. 1051;
;Жакет жен. 1052;
;Жакет жен. 1053;
;Жакет жен. 1054;
;Жакет жен. 1055;
;Жакет жен. 1056;
;Жакет жен. 1057;
;Жакет жен. 1111;
;Жакет жен. 1114;
;Жакет жен. 1132;
;Жакет жен. 1133;
;Жакет жен. 1135;
;Жакет жен. 1136;
;;
;24-1018 джинс;синий
;Жакет жен. 1050;
;Жакет жен. 1051;
;Жакет жен. 1052;
;Жакет жен. 1111;
;Жилет жен. 1116;
;;
;24-27681 джинс;синий
;Жакет жен. 1046;
;Жакет жен. 1047;
;;
;24-3002 голубой;голубой, бирюзовый
;Джемпер жен. 4076;
;Жакет жен. 1156;
;;
;24-3402 сирень;сирень, розовый
;Джемпер жен. 4076;
;Жакет жен. 1156;
;Жакет жен. 1157;
;;
;24-3606 беж.;бежевый
;Джемпер жен. 4076;
;Джемпер жен. 4077;
;Жакет жен. 1156;
;Жакет жен. 1157;
;;
;24-4008 терракот ;оранжевый
;Жакет жен. 1044;
;Жакет жен. 1046;
;Жакет жен. 1049;
;Жакет жен. 1052;
;Жакет жен. 1053;
;Жакет жен. 1133;
;Жакет жен. 1135;
;Жилет жен. 1116;
;;
;24-4301 чайная роза;розовый
;Джемпер жен. 4077;
;;
;24-4303 брусника;розовый
;Жакет жен. 1054;
;Жакет жен. 1132;
;Жакет жен. 1133;
;Жакет жен. 1134;
;;
;24-4316 ЛЕН;бежевый
;Жакет жен. 1046;
;;
;24-4507 коралл;красный
;Жакет жен. 1049;
;Жакет жен. 1052;
;Жакет жен. 1157;
;;
;24-5009 бирюза;бирюзовый
;Жакет жен. 1051;
;Жакет жен. 1052;
;;
;24-5803 св.беж;бежевый
;Жакет жен. 1050;
;Жакет жен. 1051;
;Жакет жен. 1052;
;Жакет жен. 1054;
;Жакет жен. 1055;
;Жакет жен. 1111;
;Жакет жен. 1113;
;Жакет жен. 1133;
;Жакет жен. 1135;
;Жакет жен. 1136;
;;
;24-5906 коричневый;коричневый
;Жакет жен. 1049;
;Жакет жен. 1052;
;Жакет жен. 1053;
;Жакет жен. 1054;
;Жакет жен. 1113;
;Жакет жен. 1114;
;Жакет жен. 1132;
;Жакет жен. 1133;
;Жакет жен. 1134;
;Жакет жен. 1136;
;Жилет жен. 1116;
;;
;24-5906/1 меланж.беж.;бежевый
;Жакет жен. 1136;
;;
;24-6603 серый;серый
;Джемпер жен. 4077;
;;
;2506 серый;серый
;Жакет жен. 915;
;;
;2510 т.серый;серый
;Платье жен. 931;
;;
;26 джинс;синий
;Жакет жен. 497;
;;
;26 СLчерн.;черный
;Джемпер жен. 539;
;Джемпер жен. 656;
;;
;2610 фиолет.-серый;серый
;Платье жен. 930;
;Платье жен. 931;
;;
;27-0110 черный;черный
;Жакет жен. 1137;
;Жакет жен. 1138;
;Жакет жен. 1141;
;Жакет жен. 1142;
;Жакет жен. 1144;
;Жакет жен. 1145;
;Комплект жен. 4063;
;;
;27-0507 терракот;оранжевый
;Жакет жен. 1137;
;Жакет жен. 1140;
;Жакет жен. 1141;
;Жакет жен. 1142;
;Жакет жен. 1145;
;Комплект жен. 4061;
;Комплект жен. 4063;
;;
;27-2001 зеленый;зеленый
;Джемпер жен. 4062;
;Жакет жен. 1139;
;Жакет жен. 1141;
;Жакет жен. 1142;
;Жакет жен. 1144;
;Комплект жен. 4061;
;Комплект жен. 4064;
;;
;27-2001-40 зеленый;зеленый
;Комплект жен. 4061;
;Комплект жен. 4064;
;;
;27-2908 т.синий;синий
;Жакет жен. 1137;
;Жакет жен. 1138;
;Жакет жен. 1139;
;Жакет жен. 1140;
;Жакет жен. 1141;
;Комплект жен. 4061;
;Комплект жен. 4063;
;;
;27-30.638 розовый;розовый
;Джемпер жен. 4062;
;Жакет жен. 1139;
;Жакет жен. 1140;
;Комплект жен. 4061;
;;
;27-3002 голубой;голубой
;Жакет жен. 1137;
;Жакет жен. 1138;
;Жакет жен. 1140;
;Жакет жен. 1143;
;Комплект жен. 4063;
;Комплект жен. 4064;
;;
;27-3402 сирень;сирень
;Жакет жен. 1138;
;Жакет жен. 1143;
;Комплект жен. 4063;
;Комплект жен. 4064;
;;
;27-3606 беж;бежевый
;Жакет жен. 1137;
;Жакет жен. 1139;
;Жакет жен. 1140;
;Жакет жен. 1141;
;Жакет жен. 1145;
;Комплект жен. 4061;
;Комплект жен. 4064;
;;
;27-4301 чайная роза;розовый
;Джемпер жен. 4062;
;Жакет жен. 1137;
;Жакет жен. 1139;
;Жакет жен. 1141;
;Жакет жен. 1142;
;Жакет жен. 1144;
;Жакет жен. 1145;
;Комплект жен. 4061;
;;
;27-4507 коралл;красный
;Жакет жен. 1138;
;Жакет жен. 1143;
;Жакет жен. 1144;
;Комплект жен. 4063;
;Комплект жен. 4064;
;;
;27-6603 серый;серый
;Джемпер жен. 4062;
;Жакет жен. 1137;
;Жакет жен. 1138;
;Жакет жен. 1140;
;Жакет жен. 1141;
;Жакет жен. 1143;
;Комплект жен. 4061;
;Комплект жен. 4063;
;;
;2706 бирюза;бирюзовый
;Жакет жен. 706;
;Жакет жен. 728;
;Юбка дл. 757;
;;
;2709 морск. волна;синий
;Платье жен. 628;
;;
;29-04 св. коричневый;бежевый
;Жакет жен. 1146;
;;
;29-115 мел.жемчуг;бежевый
;Джемпер жен. 9032;
;Жакет жен. 9034;
;;
;29-122 серо-голубой;голубой, серый
;Жакет жен. 9027;
;;
;29-165 беж.;бежевый
;Жакет жен. 1146;
;;
;29-166 т.маренго;серый
;Комплект жен. 9023;
;;
;29-176 горчица;желтый
;Жакет жен. 1146;
;;
;29-270 адмирал;черный, синий
;Джемпер жен. 9032;
;Жакет жен. 9034;
;Платье жен. 9030;
;;
;29-451 свет.натуральный;бежевый
;Джемпер жен. 9031;
;;
;29-464 мел.горный;коричневый
;Жакет жен. 9027;
;Платье жен. 9030;
;;
;29-510 роз.дымка;розовый
;Джемпер жен. 9024;
;;
;29-514 флокс;фуксия
;Джемпер жен. 9031;
;;
;29-517 камелия;розовый
;Комплект жен. 9023;
;;
;29-560 сапфир;сирень
;Джемпер жен. 9032;
;;
;29-562 виола;сирень
;Жакет жен. 9027;
;;
;29-70 т.розовый;розовый
;Жакет жен. 1146;
;;
;29-997 морской;зеленый
;Платье жен. 9030;
;;
;2906 синий;синий
;Платье жен. 631;
;;
;;
;30-108 т.синий;черный, синий
;Топ жен. 3056;
;Топ жен. 3057;
;Топ жен. 3060;
;Топ жен. 3065;
;;
;30-11 светлая сирень;сирень
;Топ жен. 3056;
;Топ жен. 3057;
;Топ жен. 3058;
;Топ жен. 3060;
;Топ жен. 3065;
;;
;30-111 горчица;желтый
;Блуза ВК-19;
;Блуза ВК-20;
;Блуза ВК-21;
;Блуза ВК-64;
;;
;30-112 кофе с молоком;коричневый
;Блуза ВК-19;
;Блуза ВК-20;
;Блуза ВК-21;
;Топ жен. 3065;
;;
;30-12 т.-голубой;голубой
;Блуза ВК-19;
;Блуза ВК-20;
;Блуза ВК-21;
;Топ жен. 3056;
;Топ жен. 3058;
;;
;;
;30-16 омаровый;розовый
;Блуза ВК-19;
;Блуза ВК-65;
;;
;30-17 розовый;розовый
;Блуза ВК-48;
;Платье жен. 3074;
;Топ жен. 3060;
;Топ жен. 3065;
;;
;;
;30-18 клевер;розовый
;Блуза ВК-19;
;;
;;
;30-19 ярко-розовый;розовый
;Блуза ВК-19;
;Блуза ВК-41;
;Блуза ВК-65;
;Блуза ВК-68;
;;
;30-191 серый;серый
;Платье ВК-76;
;Платье ВК-79;
;;
;;
;30-20 красный;красный
;Блуза ВК-19;
;Блуза ВК-20;
;Топ жен. 3056;
;Топ жен. 3057;
;Топ жен. 3060;
;;
;;
;30-208 мел. полос.;синий, белый, многоцветный
;Блузка жен. 3007;
;Блузка жен. 3029;
;Блузка(Топ) жен. 3023;
;Костюм жен. 3017;
;Сарафан жен. 3003;
;Сарафан жен. 3008;
;Сарафан жен. 3011;
;Топ жен. 3056;
;Футболка жен. 3010;
;Футболка жен. 3048;
;;
;30-209 сред. полос;синий, белый, многоцветный
;Блузка жен. 3007;
;Платье жен. 3028;
;Сарафан жен. 3003;
;Сарафан жен. 3008;
;Сарафан жен. 3011;
;Туника жен. 3032;
;Туника жен. 3033;
;Футболка жен. 3048;
;;
;;
;30-210 круп. полоска;синий, белый, многоцветный
;Блузка жен. 3007;
;Платье жен. 3028;
;Сарафан жен. 3003;
;Туника жен. 3033;
;Футболка жен. 3048;
;;
;;
;30-215  мелкая полоска из син. и гол. коралл;синий, голубой, белый, красный, многоцветный
;Блузка жен. 3027;
;;
;30-216 корал.бабочки;синий, голубой, белый, красный, многоцветный
;Блузка жен. 3029;
;Блузка жен. 3047;
;Сарафан жен. 3030;
;Сарафан жен. 3046;
;;
;30-217 мелкая полоска;синий, белый, многоцветный
;Топ жен. 3056;
;;
;30-218 син.-бел. полоска;синий, белый, многоцветный
;Блузка жен. 3036;
;Платье жен. 3031;
;;
;30-219 коралл;красный
;Жакет жен. 3043;
;;
;30-219 коралл;красный
;Жакет жен. 3042;
;Топ жен. 3056;
;;
;30-22 баклажан;фиолетовый
;Блуза ВК-19;
;Блуза ВК-63;
;Блуза ВК-67;
;;
;30-220 ментол;зеленый
;Жакет жен. 3042;
;Жакет жен. 3043;
;Платье жен. 3074;
;Топ жен. 3056;
;Топ жен. 3058;
;Топ жен. 3065;
;;
;30-221 коралл/м.белый;белый, синий, красный, многоцветный
;Платье жен. 3037;
;;
;30-222 ментол/м.белый;белый, синий, зеленый, многоцветный
;Блузка жен. 3029;
;Блузка жен. 3036;
;Платье жен. 3037;
;;
;30-223 коралл/белый;белый, синий, красный, многоцветный
;Блузка жен. 3029;
;Блузка жен. 3036;
;Платье жен. 3045;
;;
;30-224 ментол/белый;белый, синий, зеленый, многоцветный
;Блузка жен. 3036;
;Платье жен. 3045;
;;
;30-225 серо-коралл-синий;серый, синий, красный, многоцветный
;Платье жен. 3053;
;Футболка жен. 3048;
;;
;30-226 бабочки/ментол;белый, синий, зеленый, многоцветный
;Сарафан жен. 3030;
;Сарафан жен. 3046;
;;
;;
;30-228 ирисы желтые;желтый, оранжевый, голубой, многоцветный
;Платье жен. 3069;
;;
;30-229 цветы купон синие;голубой, белый, красный, многоцветный
;Блузка жен. 3063;
;;
;30-230 цветы купон зеленые;зеленый, серый, белый, красный, многоцветный
;Блузка жен. 3063;
;;
;30-231 полоска с цветком ;синий, белый, розовый, многоцветный
;Блузка жен. 3063;
;;
;30-232 горох/ажур;синий, белый, многоцветный
;Платье жен. 3070;
;;
;30-234 сине-беж ажур;синий, бежевый, белый, многоцветный
;Платье жен. 3071;
;Платье жен. 3072;
;Платье жен. 3073;
;Платье жен. 3082;
;Платье жен. 3084;
;Топ жен. 3061;
;Топ жен. 3077;
;Топ жен. 3079;
;;
;30-235 сине-мент. ажур;синий, зеленый, белый, многоцветный
;Платье жен. 3071;
;Платье жен. 3072;
;Платье жен. 3073;
;Платье жен. 3082;
;Платье жен. 3084;
;Топ жен. 3061;
;Топ жен. 3077;
;Топ жен. 3079;
;;
;30-236 сине-красн. ажур;синий, красный, белый, многоцветный
;Платье жен. 3071;
;Платье жен. 3072;
;Платье жен. 3073;
;Платье жен. 3082;
;Топ жен. 3061;
;Топ жен. 3077;
;Топ жен. 3079;
;;
;30-237 сирен.гвоздика;белый, фиолетовый, многоцветный
;Платье жен. 3072;
;Платье жен. 3073;
;Платье жен. 3080;
;;
;30-238 син.гвоздика;белый, синий, многоцветный
;Платье жен. 3072;
;Платье жен. 3073;
;Платье жен. 3080;
;;
;30-239 мелкий цветок;белый, розовый, многоцветный
;Блузка жен. 3064;
;Блузка жен. 3067;
;Блузка жен. 3068;
;Топ жен. 3065;
;;
;30-24 коричневый;коричневый
;Блуза ВК-19;
;Блуза ВК-67;
;Блуза ВК-71;
;;
;30-240 сирень.огурцы;сирень, розовый, коричневый, многоцветный
;Блузка жен. 3063;
;Блузка жен. 3066;
;;
;30-241 фиалка;сирень, белый, многоцветный
;Платье жен. 3074;
;Птатье жен. 3075;
;Топ жен. 3083;
;;
;30-242 ирисы сирень;розовый, красный, голубой, белый, многоцветный
;Платье жен. 3069;
;;
;30-25 т.-синий;синий
;Блуза ВК-19;
;;
;30-26 черный;черный
;Блуза ВК-19;
;Блуза ВК-20;
;Блуза ВК-21;
;Блуза ВК-71;
;Топ жен. 3056;
;Топ жен. 3057;
;Топ жен. 3060;
;;
;30-28 мол.каштан;коричневый
;Блуза ВК-19;
;Блуза ВК-21;
;;
;30-31 джинс;синий
;Блуза ВК-19;
;Блуза ВК-20;
;Блуза ВК-21;
;Топ жен. 3056;
;;
;;
;30-36 св.голубой;голубой
;Топ жен. 3060;
;;
;30-37 фисташка;зеленый
;Платье жен. 3074;
;;
;30-40 бирюза;бирюзовый
;Топ жен. 3057;
;;
;30-42 ярко-желт.;желтый
;Блуза ВК-19;
;Топ жен. 3056;
;Топ жен. 3059;
;;
;30-43 т.серый;серый
;Блуза ВК-19;
;Блуза ВК-20;
;Блуза ВК-21;
;;
;;
;30-47 василёк;синий
;Платье жен. 3074;
;;
;;
;30-51 фиолет.;фиолетовый
;Блуза ВК-19;
;Блуза ВК-70;
;;
;30-514 флокс;фуксия
;Джемпер жен. 9032;
;;
;30-53 буро-оранж.;оранжевый
;Блуза ВК-67;
;;
;30-53 терракотовый;оранжевый
;Блуза ВК-19;
;;
;;
;30-56 зеленый;зеленый
;Блуза ВК-19;
;Блуза ВК-37;
;;
;30-59 т.зеленый;зеленый
;Блуза ВК-19;
;;
;30-60 оранж;оранжевый
;Топ жен. 3058;
;Топ жен. 3059;
;;
;30-61 сирень;сирень
;Блуза ВК-19;
;Блуза ВК-20;
;Блуза ВК-21;
;Платье жен. 3074;
;Топ жен. 3056;
;Топ жен. 3060;
;;
;30-63 ярко-зеленый;зеленый
;Блуза ВК-19;
;Топ жен. 3058;
;Топ жен. 3059;
;;
;30-65 лиловый;сирень
;Блуза ВК-19;
;Блуза ВК-20;
;Блуза ВК-21;
;;
;;
;30-7 оливковый;зеленый
;Блуза ВК-19;
;Блуза ВК-20;
;;
;30-71 коралл;красный
;Топ жен. 3060;
;;
;30-72 белый;белый
;Блуза ВК-19;
;Топ жен. 3056;
;Топ жен. 3057;
;Топ жен. 3058;
;Топ жен. 3060;
;Топ жен. 3065;
;Футболка жен. 3010;
;Футболка жен. 3024;
;;
;30-73 синий;синий
;Блузка жен. 3005;
;Блузка жен. 3041;
;Бриджи жен.3085;
;Брюки жен. 3004;
;Брюки(Капри) жен. 3025;
;Капри жен. 3001;
;Платье жен. 3015;
;Платье жен. 3019;
;Платье жен. 3020;
;Платье жен. 3051;
;Сарафан жен. 3034;
;Топ жен. 3056;
;Топ жен. 3059;
;Футболка жен. 3024;
;;
;30-74 малиновый;красный
;Блуза ВК-19;
;Блуза ВК-68;
;;
;;
;30-77 баклажан;фиолетовый
;Блуза ВК-19;
;;
;;
;30-82 т.малина;красный
;Блуза ВК-19;
;;
;30-85 персик;оранжевый
;Топ жен. 3056;
;Топ жен. 3060;
;Топ жен. 3065;
;;
;30-89 орхидея;сирень, розовый
;Блуза ВК-19;
;;
;30-90 молоко;белый
;Блуза ВК-19;
;Блуза ВК-20;
;Блуза ВК-21;
;;
;;
;30-96 ярко голубой;голубой
;Топ жен. 3056;
;Топ жен. 3057;
;Топ жен. 3060;
;;
;30-97 серый;серый
;Блуза ВК-19;
;;
;30-98 св.серый;серый
;Блуза ВК-19;
;Блуза ВК-20;
;Блуза ВК-21;
;Топ жен. 3056;
;Топ жен. 3065;
;;
;30-99 вишня;красный
;Блуза ВК-19;
;Блуза ВК-20;
;Блуза ВК-21;
;;
;42 т.асфальт;черный
;Платье жен. 631;
;;
;;
;503 шампань;бежевый
;Жакет жен. 572;
;Жакет жен. 584;
;;
;5203 синий;синий
;Жакет жен. 602;
;Жакет жен. 603;
;;
;5207 т.синий;синий
;Платье жен. 931;
;;
;6010 корица;коричневый
;Жакет жен. 603;
;Платье жен. 631;
;;
;;
;7005 серый;серый
;Платье жен. 753;
;Платье жен. 769;
;;
;;
;8569 молоко;белый
;Жакет жен. 700;
;Жакет жен. 709;
;Жакет жен. 710;
;;
;8570 св-сер. меланж;серый
;Жакет жен. 704;
;Жакет жен. 709;
;Жакет жен. 780;
;Платье жен. 751;
;Юбка дл. 757;
;;
;9500 черный;черный
;Жакет жен. 711;
;Жилет жен. 925;
;Платье жен. 690;
;Платье жен. 928;
;Платье жен. 931;
;Платье жен. 933;
;Платье жен. 934;
;;
;;
;коралл;красный
;Джемпер жен. 9507;
;Джемпер жен. 9508;
;Джемпер жен. 9511;
;Джемпер жен. 9514;
;Джемпер жен. 9515;
;Джемпер жен. 9516;
;Жакет жен. 9512;
;Жакет жен. 9513;
;;
;коралл;красный
;Джемпер жен. 9503;
;Джемпер жен. 9504;
;Жакет жен. 9506;
;Жакет жен. 9509;
;;
;крем-т.синий;бежевый, синий, многоцветный
;Джемпер жен. 9501;
;Джемпер жен. 9502;
;Жакет жен. 9517;
;;
;крем.-коралл;бежевый, красный, многоцветный
;Джемпер жен. 9502;
;;
;мята;бирюзовый
;Джемпер жен. 9503;
;Джемпер жен. 9505;
;Джемпер жен. 9508;
;;
;св.горчица;желтый
;Джемпер жен. 9505;
;Джемпер жен. 9507;
;Джемпер жен. 9511;
;Джемпер жен. 9514;
;Джемпер жен. 9515;
;Джемпер жен. 9516;
;Жакет жен. 9506;
;Жакет жен. 9512;
;Жакет жен. 9513;
;;
;св.салатовый;зеленый
;Джемпер жен. 9504;
;Жакет жен. 9509;
;;
;св.салатовый-крем.;бежевый, зеленый, многоцветный
;Джемпер жен. 9500;
;Жакет жен. 9517;
;;
;серый;серый
;Джемпер жен. 759;
;Жакет жен. 705;
;;
;т.горчица;желтый
;Джемпер жен. 9510;
;;
;т.синий-крем;бежевый, синий, многоцветный
;Джемпер жен. 9500;
;;
;чайная роза;розовый
;Джемпер жен. 9510;
;;
;чайная роза-крем.;розовый
;Джемпер жен. 9500;
;;
;Итог;
